label, Arts
E_M0000_A, MON_M000_A02a MON_M000_A01a MON_M000_A04a _NOT_SPECIFIED_ _NOT_SPECIFIED_ _NOT_SPECIFIED_ _NOT_SPECIFIED_ _NOT_SPECIFIED_
E_M0001_A, MON_M000_A02a MON_M000_A01a MON_M000_A05a _NOT_SPECIFIED_ _NOT_SPECIFIED_ _NOT_SPECIFIED_ _NOT_SPECIFIED_ _NOT_SPECIFIED_
E_M0001_B, MON_M000_A02a _NOT_SPECIFIED_ _NOT_SPECIFIED_ _NOT_SPECIFIED_ _NOT_SPECIFIED_ _NOT_SPECIFIED_ _NOT_SPECIFIED_ _NOT_SPECIFIED_
E_M0002_A, MON_M000_A02a MON_M000_A01a MON_M000_A04a _NOT_SPECIFIED_ _NOT_SPECIFIED_ _NOT_SPECIFIED_ _NOT_SPECIFIED_ _NOT_SPECIFIED_
E_M0003_A, MON_M000_A01a MON_M000_A03a MON_M000_A05a _NOT_SPECIFIED_ _NOT_SPECIFIED_ _NOT_SPECIFIED_ _NOT_SPECIFIED_ _NOT_SPECIFIED_
E_M0010_A, MON_M001_A02a _NOT_SPECIFIED_ _NOT_SPECIFIED_ _NOT_SPECIFIED_ _NOT_SPECIFIED_ _NOT_SPECIFIED_ _NOT_SPECIFIED_ _NOT_SPECIFIED_
E_M0011_A, MON_M001_A02a MON_M001_A04a _NOT_SPECIFIED_ _NOT_SPECIFIED_ _NOT_SPECIFIED_ _NOT_SPECIFIED_ _NOT_SPECIFIED_ _NOT_SPECIFIED_
E_M0012_A, MON_M001_A02a MON_M001_A04a _NOT_SPECIFIED_ _NOT_SPECIFIED_ _NOT_SPECIFIED_ _NOT_SPECIFIED_ _NOT_SPECIFIED_ _NOT_SPECIFIED_
E_M0020_A, MON_M002_A01a MON_M002_A04a MON_M002_A03a _NOT_SPECIFIED_ _NOT_SPECIFIED_ _NOT_SPECIFIED_ _NOT_SPECIFIED_ _NOT_SPECIFIED_
E_M0021_A, MON_M002_A01a MON_M002_A02a MON_M002_A03a_A _NOT_SPECIFIED_ _NOT_SPECIFIED_ _NOT_SPECIFIED_ _NOT_SPECIFIED_ _NOT_SPECIFIED_
E_M0022_A, MON_M002_A02a MON_M002_A05a MON_M002_A03a_B _NOT_SPECIFIED_ _NOT_SPECIFIED_ _NOT_SPECIFIED_ _NOT_SPECIFIED_ _NOT_SPECIFIED_
E_M0100_A, MON_M010_A01a MON_M010_A02a MON_M010_B02a _NOT_SPECIFIED_ _NOT_SPECIFIED_ _NOT_SPECIFIED_ _NOT_SPECIFIED_ _NOT_SPECIFIED_
E_M0101_A, MON_M010_A01a MON_M010_B02a MON_M010_A04a _NOT_SPECIFIED_ _NOT_SPECIFIED_ _NOT_SPECIFIED_ _NOT_SPECIFIED_ _NOT_SPECIFIED_
E_M0102_A, MON_M010_A02a MON_M010_B02a MON_M010_A04a _NOT_SPECIFIED_ _NOT_SPECIFIED_ _NOT_SPECIFIED_ _NOT_SPECIFIED_ _NOT_SPECIFIED_
E_M0110_A, MON_M011_A01a MON_M011_B02a _NOT_SPECIFIED_ _NOT_SPECIFIED_ _NOT_SPECIFIED_ _NOT_SPECIFIED_ _NOT_SPECIFIED_ _NOT_SPECIFIED_
E_M0111_A, MON_M011_A01a MON_M011_B02a _NOT_SPECIFIED_ _NOT_SPECIFIED_ _NOT_SPECIFIED_ _NOT_SPECIFIED_ _NOT_SPECIFIED_ _NOT_SPECIFIED_
E_M0112_A, MON_M011_A01a MON_M011_B02a _NOT_SPECIFIED_ _NOT_SPECIFIED_ _NOT_SPECIFIED_ _NOT_SPECIFIED_ _NOT_SPECIFIED_ _NOT_SPECIFIED_
E_M0113_A, MON_M011_A01a MON_M011_B02a _NOT_SPECIFIED_ _NOT_SPECIFIED_ _NOT_SPECIFIED_ _NOT_SPECIFIED_ _NOT_SPECIFIED_ _NOT_SPECIFIED_
E_M0114_A, MON_M011_A01a MON_M011_B02a _NOT_SPECIFIED_ _NOT_SPECIFIED_ _NOT_SPECIFIED_ _NOT_SPECIFIED_ _NOT_SPECIFIED_ _NOT_SPECIFIED_
E_M0115_A, MON_M011_A01a MON_M011_B02a _NOT_SPECIFIED_ _NOT_SPECIFIED_ _NOT_SPECIFIED_ _NOT_SPECIFIED_ _NOT_SPECIFIED_ _NOT_SPECIFIED_
E_M0120_A, MON_M012_A03a _NOT_SPECIFIED_ _NOT_SPECIFIED_ _NOT_SPECIFIED_ _NOT_SPECIFIED_ _NOT_SPECIFIED_ _NOT_SPECIFIED_ _NOT_SPECIFIED_
E_M0121_A, MON_M012_A03a _NOT_SPECIFIED_ _NOT_SPECIFIED_ _NOT_SPECIFIED_ _NOT_SPECIFIED_ _NOT_SPECIFIED_ _NOT_SPECIFIED_ _NOT_SPECIFIED_
E_M0122_A, MON_M012_A04a _NOT_SPECIFIED_ _NOT_SPECIFIED_ _NOT_SPECIFIED_ _NOT_SPECIFIED_ _NOT_SPECIFIED_ _NOT_SPECIFIED_ _NOT_SPECIFIED_
E_M0123_A, MON_M012_A04a _NOT_SPECIFIED_ _NOT_SPECIFIED_ _NOT_SPECIFIED_ _NOT_SPECIFIED_ _NOT_SPECIFIED_ _NOT_SPECIFIED_ _NOT_SPECIFIED_
E_M0210_A, MON_M021_A01a MON_M021_A02a MON_M021_A04a _NOT_SPECIFIED_ _NOT_SPECIFIED_ _NOT_SPECIFIED_ _NOT_SPECIFIED_ _NOT_SPECIFIED_
E_M0211_A, MON_M021_A01a MON_M021_A02a MON_M021_A03a _NOT_SPECIFIED_ _NOT_SPECIFIED_ _NOT_SPECIFIED_ _NOT_SPECIFIED_ _NOT_SPECIFIED_
E_M0212_A, MON_M021_A03a MON_M021_A04a MON_M021_A05a _NOT_SPECIFIED_ _NOT_SPECIFIED_ _NOT_SPECIFIED_ _NOT_SPECIFIED_ _NOT_SPECIFIED_
E_M0220_A, MON_M022_A03a _NOT_SPECIFIED_ _NOT_SPECIFIED_ _NOT_SPECIFIED_ _NOT_SPECIFIED_ _NOT_SPECIFIED_ _NOT_SPECIFIED_ _NOT_SPECIFIED_
E_M0221_A, MON_M022_A02a MON_M022_A03a _NOT_SPECIFIED_ _NOT_SPECIFIED_ _NOT_SPECIFIED_ _NOT_SPECIFIED_ _NOT_SPECIFIED_ _NOT_SPECIFIED_
E_M0222_A, MON_M022_A02a MON_M022_A03a _NOT_SPECIFIED_ _NOT_SPECIFIED_ _NOT_SPECIFIED_ _NOT_SPECIFIED_ _NOT_SPECIFIED_ _NOT_SPECIFIED_
E_M0230_A, MON_M023_A01a _NOT_SPECIFIED_ _NOT_SPECIFIED_ _NOT_SPECIFIED_ _NOT_SPECIFIED_ _NOT_SPECIFIED_ _NOT_SPECIFIED_ _NOT_SPECIFIED_
E_M0231_A, MON_M023_A01a MON_M023_A03a _NOT_SPECIFIED_ _NOT_SPECIFIED_ _NOT_SPECIFIED_ _NOT_SPECIFIED_ _NOT_SPECIFIED_ _NOT_SPECIFIED_
E_M0232_A, MON_M023_A01a MON_M023_A03a _NOT_SPECIFIED_ _NOT_SPECIFIED_ _NOT_SPECIFIED_ _NOT_SPECIFIED_ _NOT_SPECIFIED_ _NOT_SPECIFIED_
E_M0233_A, MON_M023_A01a _NOT_SPECIFIED_ _NOT_SPECIFIED_ _NOT_SPECIFIED_ _NOT_SPECIFIED_ _NOT_SPECIFIED_ _NOT_SPECIFIED_ _NOT_SPECIFIED_
E_M0300_A, MON_M030_A01a MON_M030_A02a _NOT_SPECIFIED_ _NOT_SPECIFIED_ _NOT_SPECIFIED_ _NOT_SPECIFIED_ _NOT_SPECIFIED_ _NOT_SPECIFIED_
E_M0301_A, MON_M030_A01a MON_M030_A04a _NOT_SPECIFIED_ _NOT_SPECIFIED_ _NOT_SPECIFIED_ _NOT_SPECIFIED_ _NOT_SPECIFIED_ _NOT_SPECIFIED_
E_M0302_A, MON_M030_A04a MON_M030_A02a _NOT_SPECIFIED_ _NOT_SPECIFIED_ _NOT_SPECIFIED_ _NOT_SPECIFIED_ _NOT_SPECIFIED_ _NOT_SPECIFIED_
E_M0303_A, MON_M030_A01a MON_M030_A04a MON_M030_A02a _NOT_SPECIFIED_ _NOT_SPECIFIED_ _NOT_SPECIFIED_ _NOT_SPECIFIED_ _NOT_SPECIFIED_
E_M0304_A, MON_M030_A04a MON_M030_A02a _NOT_SPECIFIED_ _NOT_SPECIFIED_ _NOT_SPECIFIED_ _NOT_SPECIFIED_ _NOT_SPECIFIED_ _NOT_SPECIFIED_
E_M0310_A, MON_M031_A01a _NOT_SPECIFIED_ _NOT_SPECIFIED_ _NOT_SPECIFIED_ _NOT_SPECIFIED_ _NOT_SPECIFIED_ _NOT_SPECIFIED_ _NOT_SPECIFIED_
E_M0311_A, MON_M031_A01a MON_M031_A04a _NOT_SPECIFIED_ _NOT_SPECIFIED_ _NOT_SPECIFIED_ _NOT_SPECIFIED_ _NOT_SPECIFIED_ _NOT_SPECIFIED_
E_M0312_A, MON_M031_A01a MON_M031_B01a _NOT_SPECIFIED_ _NOT_SPECIFIED_ _NOT_SPECIFIED_ _NOT_SPECIFIED_ _NOT_SPECIFIED_ _NOT_SPECIFIED_
E_M0320_A, MON_M032_A01a MON_M032_A01a_A MON_M032_A02a _NOT_SPECIFIED_ _NOT_SPECIFIED_ _NOT_SPECIFIED_ _NOT_SPECIFIED_ _NOT_SPECIFIED_
E_M0321_A, MON_M032_A02a MON_M032_B02a _NOT_SPECIFIED_ _NOT_SPECIFIED_ _NOT_SPECIFIED_ _NOT_SPECIFIED_ _NOT_SPECIFIED_ _NOT_SPECIFIED_
E_M0322_A, MON_M032_A02a MON_M032_B01a MON_M032_B02a _NOT_SPECIFIED_ _NOT_SPECIFIED_ _NOT_SPECIFIED_ _NOT_SPECIFIED_ _NOT_SPECIFIED_
E_M0400_A, MON_M040_A01a MON_M040_A03a MON_M040_A04a _NOT_SPECIFIED_ _NOT_SPECIFIED_ _NOT_SPECIFIED_ _NOT_SPECIFIED_ _NOT_SPECIFIED_
E_M0401_A, MON_M040_A01a MON_M040_A03a MON_M040_A04a _NOT_SPECIFIED_ _NOT_SPECIFIED_ _NOT_SPECIFIED_ _NOT_SPECIFIED_ _NOT_SPECIFIED_
E_M0401_B, MON_M040_A01a _NOT_SPECIFIED_ _NOT_SPECIFIED_ _NOT_SPECIFIED_ _NOT_SPECIFIED_ _NOT_SPECIFIED_ _NOT_SPECIFIED_ _NOT_SPECIFIED_
E_M0402_A, MON_M040_A01a MON_M040_A04a _NOT_SPECIFIED_ _NOT_SPECIFIED_ _NOT_SPECIFIED_ _NOT_SPECIFIED_ _NOT_SPECIFIED_ _NOT_SPECIFIED_
E_M0403_A, MON_M040_A01a MON_M040_A04a MON_M040_B02a _NOT_SPECIFIED_ _NOT_SPECIFIED_ _NOT_SPECIFIED_ _NOT_SPECIFIED_ _NOT_SPECIFIED_
E_M0403_B, MON_M040_A01a MON_M040_A04a MON_M040_B02a _NOT_SPECIFIED_ _NOT_SPECIFIED_ _NOT_SPECIFIED_ _NOT_SPECIFIED_ _NOT_SPECIFIED_
E_M0410_A, MON_M041_A02a MON_M041_B01a _NOT_SPECIFIED_ _NOT_SPECIFIED_ _NOT_SPECIFIED_ _NOT_SPECIFIED_ _NOT_SPECIFIED_ _NOT_SPECIFIED_
E_M0411_A, MON_M041_A02a MON_M041_B01a _NOT_SPECIFIED_ _NOT_SPECIFIED_ _NOT_SPECIFIED_ _NOT_SPECIFIED_ _NOT_SPECIFIED_ _NOT_SPECIFIED_
E_M0412_A, MON_M041_B01a_A MON_M041_B03a _NOT_SPECIFIED_ _NOT_SPECIFIED_ _NOT_SPECIFIED_ _NOT_SPECIFIED_ _NOT_SPECIFIED_ _NOT_SPECIFIED_
E_M0413_A, MON_M041_B01a_A MON_M041_B03a _NOT_SPECIFIED_ _NOT_SPECIFIED_ _NOT_SPECIFIED_ _NOT_SPECIFIED_ _NOT_SPECIFIED_ _NOT_SPECIFIED_
E_M0420_A, MON_M042_A02a MON_M042_A03a MON_M042_A04a _NOT_SPECIFIED_ _NOT_SPECIFIED_ _NOT_SPECIFIED_ _NOT_SPECIFIED_ _NOT_SPECIFIED_
E_M0421_A, MON_M042_A02a MON_M042_A03a MON_M042_A01a _NOT_SPECIFIED_ _NOT_SPECIFIED_ _NOT_SPECIFIED_ _NOT_SPECIFIED_ _NOT_SPECIFIED_
E_M0422_A, MON_M042_A03a MON_M042_A01a MON_M042_A04a _NOT_SPECIFIED_ _NOT_SPECIFIED_ _NOT_SPECIFIED_ _NOT_SPECIFIED_ _NOT_SPECIFIED_
E_M0423_A, MON_M042_A02a MON_M042_A03a MON_M042_A04a _NOT_SPECIFIED_ _NOT_SPECIFIED_ _NOT_SPECIFIED_ _NOT_SPECIFIED_ _NOT_SPECIFIED_
E_M0500_A, MON_M050_A06a _NOT_SPECIFIED_ _NOT_SPECIFIED_ _NOT_SPECIFIED_ _NOT_SPECIFIED_ _NOT_SPECIFIED_ _NOT_SPECIFIED_ _NOT_SPECIFIED_
E_M0501_A, MON_M050_A06a _NOT_SPECIFIED_ _NOT_SPECIFIED_ _NOT_SPECIFIED_ _NOT_SPECIFIED_ _NOT_SPECIFIED_ _NOT_SPECIFIED_ _NOT_SPECIFIED_
E_M0502_A, MON_M050_B02a _NOT_SPECIFIED_ _NOT_SPECIFIED_ _NOT_SPECIFIED_ _NOT_SPECIFIED_ _NOT_SPECIFIED_ _NOT_SPECIFIED_ _NOT_SPECIFIED_
E_M0510_A, MON_M051_B02a _NOT_SPECIFIED_ _NOT_SPECIFIED_ _NOT_SPECIFIED_ _NOT_SPECIFIED_ _NOT_SPECIFIED_ _NOT_SPECIFIED_ _NOT_SPECIFIED_
E_M0511_A, MON_M051_A01a MON_M051_B01a MON_M051_B02a _NOT_SPECIFIED_ _NOT_SPECIFIED_ _NOT_SPECIFIED_ _NOT_SPECIFIED_ _NOT_SPECIFIED_
E_M0512_A, MON_M051_A01a MON_M051_B01a MON_M051_B02a _NOT_SPECIFIED_ _NOT_SPECIFIED_ _NOT_SPECIFIED_ _NOT_SPECIFIED_ _NOT_SPECIFIED_
E_M0520_A, MON_M052_A01a MON_M052_B02a _NOT_SPECIFIED_ _NOT_SPECIFIED_ _NOT_SPECIFIED_ _NOT_SPECIFIED_ _NOT_SPECIFIED_ _NOT_SPECIFIED_
E_M0521_A, MON_M052_A01a MON_M052_B02a _NOT_SPECIFIED_ _NOT_SPECIFIED_ _NOT_SPECIFIED_ _NOT_SPECIFIED_ _NOT_SPECIFIED_ _NOT_SPECIFIED_
E_M0522_A, MON_M052_A01a MON_M052_B02a _NOT_SPECIFIED_ _NOT_SPECIFIED_ _NOT_SPECIFIED_ _NOT_SPECIFIED_ _NOT_SPECIFIED_ _NOT_SPECIFIED_
E_M0700_A, MON_M070_A01a MON_M070_A02a _NOT_SPECIFIED_ _NOT_SPECIFIED_ _NOT_SPECIFIED_ _NOT_SPECIFIED_ _NOT_SPECIFIED_ _NOT_SPECIFIED_
E_M0701_A, MON_M070_A01a MON_M070_A02a MON_M070_A03a _NOT_SPECIFIED_ _NOT_SPECIFIED_ _NOT_SPECIFIED_ _NOT_SPECIFIED_ _NOT_SPECIFIED_
E_M0702_A, MON_M070_A01a MON_M070_A03a MON_M070_A04a _NOT_SPECIFIED_ _NOT_SPECIFIED_ _NOT_SPECIFIED_ _NOT_SPECIFIED_ _NOT_SPECIFIED_
E_M0703_A, MON_M070_A02a MON_M070_A03a MON_M070_A04a _NOT_SPECIFIED_ _NOT_SPECIFIED_ _NOT_SPECIFIED_ _NOT_SPECIFIED_ _NOT_SPECIFIED_
E_M0710_A, MON_M071_A02a MON_M071_A03a MON_M071_B01a _NOT_SPECIFIED_ _NOT_SPECIFIED_ _NOT_SPECIFIED_ _NOT_SPECIFIED_ _NOT_SPECIFIED_
E_M0711_A, MON_M071_A02a MON_M071_A03a MON_M071_B01a _NOT_SPECIFIED_ _NOT_SPECIFIED_ _NOT_SPECIFIED_ _NOT_SPECIFIED_ _NOT_SPECIFIED_
E_M0712_A, MON_M071_A02a MON_M071_A03a MON_M071_B01a _NOT_SPECIFIED_ _NOT_SPECIFIED_ _NOT_SPECIFIED_ _NOT_SPECIFIED_ _NOT_SPECIFIED_
E_M0720_A, MON_M072_A01a MON_M072_B03a _NOT_SPECIFIED_ _NOT_SPECIFIED_ _NOT_SPECIFIED_ _NOT_SPECIFIED_ _NOT_SPECIFIED_ _NOT_SPECIFIED_
E_M0721_A, MON_M072_A01a MON_M072_B03a_A _NOT_SPECIFIED_ _NOT_SPECIFIED_ _NOT_SPECIFIED_ _NOT_SPECIFIED_ _NOT_SPECIFIED_ _NOT_SPECIFIED_
E_M0722_A, MON_M072_B03a MON_M072_B01a _NOT_SPECIFIED_ _NOT_SPECIFIED_ _NOT_SPECIFIED_ _NOT_SPECIFIED_ _NOT_SPECIFIED_ _NOT_SPECIFIED_
E_M0723_A, MON_M072_A01a _NOT_SPECIFIED_ _NOT_SPECIFIED_ _NOT_SPECIFIED_ _NOT_SPECIFIED_ _NOT_SPECIFIED_ _NOT_SPECIFIED_ _NOT_SPECIFIED_
E_M0800_A, MON_M080_A01a MON_M080_A05a _NOT_SPECIFIED_ _NOT_SPECIFIED_ _NOT_SPECIFIED_ _NOT_SPECIFIED_ _NOT_SPECIFIED_ _NOT_SPECIFIED_
E_M0801_A, MON_M080_A01a MON_M080_A03a _NOT_SPECIFIED_ _NOT_SPECIFIED_ _NOT_SPECIFIED_ _NOT_SPECIFIED_ _NOT_SPECIFIED_ _NOT_SPECIFIED_
E_M0802_A, MON_M080_A05a MON_M080_A04a MON_M080_A03a _NOT_SPECIFIED_ _NOT_SPECIFIED_ _NOT_SPECIFIED_ _NOT_SPECIFIED_ _NOT_SPECIFIED_
E_M0803_A, MON_M080_A04a MON_M080_A05a MON_M080_A03a _NOT_SPECIFIED_ _NOT_SPECIFIED_ _NOT_SPECIFIED_ _NOT_SPECIFIED_ _NOT_SPECIFIED_
E_M0810_A, MON_M081_A01a MON_M081_A05a MON_M081_A03a _NOT_SPECIFIED_ _NOT_SPECIFIED_ _NOT_SPECIFIED_ _NOT_SPECIFIED_ _NOT_SPECIFIED_
E_M0811_A, MON_M081_A01a MON_M081_A03a _NOT_SPECIFIED_ _NOT_SPECIFIED_ _NOT_SPECIFIED_ _NOT_SPECIFIED_ _NOT_SPECIFIED_ _NOT_SPECIFIED_
E_M0812_A, MON_M081_A01a MON_M081_A05a _NOT_SPECIFIED_ _NOT_SPECIFIED_ _NOT_SPECIFIED_ _NOT_SPECIFIED_ _NOT_SPECIFIED_ _NOT_SPECIFIED_
E_M0820_A, MON_M082_A03a MON_M082_A02a _NOT_SPECIFIED_ _NOT_SPECIFIED_ _NOT_SPECIFIED_ _NOT_SPECIFIED_ _NOT_SPECIFIED_ _NOT_SPECIFIED_
E_M0820_B, MON_M082_A03a _NOT_SPECIFIED_ _NOT_SPECIFIED_ _NOT_SPECIFIED_ _NOT_SPECIFIED_ _NOT_SPECIFIED_ _NOT_SPECIFIED_ _NOT_SPECIFIED_
E_M0821_A, MON_M082_A03a MON_M082_A02a _NOT_SPECIFIED_ _NOT_SPECIFIED_ _NOT_SPECIFIED_ _NOT_SPECIFIED_ _NOT_SPECIFIED_ _NOT_SPECIFIED_
E_M0822_A, MON_M082_A02a _NOT_SPECIFIED_ _NOT_SPECIFIED_ _NOT_SPECIFIED_ _NOT_SPECIFIED_ _NOT_SPECIFIED_ _NOT_SPECIFIED_ _NOT_SPECIFIED_
E_M0900_A, MON_M090_A04a _NOT_SPECIFIED_ _NOT_SPECIFIED_ _NOT_SPECIFIED_ _NOT_SPECIFIED_ _NOT_SPECIFIED_ _NOT_SPECIFIED_ _NOT_SPECIFIED_
E_M0900_B, MON_M090_A04a MON_M090_A01a _NOT_SPECIFIED_ _NOT_SPECIFIED_ _NOT_SPECIFIED_ _NOT_SPECIFIED_ _NOT_SPECIFIED_ _NOT_SPECIFIED_
E_M0900_L, MON_M090_A04a _NOT_SPECIFIED_ _NOT_SPECIFIED_ _NOT_SPECIFIED_ _NOT_SPECIFIED_ _NOT_SPECIFIED_ _NOT_SPECIFIED_ _NOT_SPECIFIED_
E_M0900_R, MON_M090_A04a _NOT_SPECIFIED_ _NOT_SPECIFIED_ _NOT_SPECIFIED_ _NOT_SPECIFIED_ _NOT_SPECIFIED_ _NOT_SPECIFIED_ _NOT_SPECIFIED_
E_M0901_A, MON_M090_A04a _NOT_SPECIFIED_ _NOT_SPECIFIED_ _NOT_SPECIFIED_ _NOT_SPECIFIED_ _NOT_SPECIFIED_ _NOT_SPECIFIED_ _NOT_SPECIFIED_
E_M0901_L, MON_M090_A04a _NOT_SPECIFIED_ _NOT_SPECIFIED_ _NOT_SPECIFIED_ _NOT_SPECIFIED_ _NOT_SPECIFIED_ _NOT_SPECIFIED_ _NOT_SPECIFIED_
E_M0901_R, MON_M090_A04a _NOT_SPECIFIED_ _NOT_SPECIFIED_ _NOT_SPECIFIED_ _NOT_SPECIFIED_ _NOT_SPECIFIED_ _NOT_SPECIFIED_ _NOT_SPECIFIED_
E_M0902_A, MON_M090_A04a _NOT_SPECIFIED_ _NOT_SPECIFIED_ _NOT_SPECIFIED_ _NOT_SPECIFIED_ _NOT_SPECIFIED_ _NOT_SPECIFIED_ _NOT_SPECIFIED_
E_M0902_L, MON_M090_A04a _NOT_SPECIFIED_ _NOT_SPECIFIED_ _NOT_SPECIFIED_ _NOT_SPECIFIED_ _NOT_SPECIFIED_ _NOT_SPECIFIED_ _NOT_SPECIFIED_
E_M0902_R, MON_M090_A04a _NOT_SPECIFIED_ _NOT_SPECIFIED_ _NOT_SPECIFIED_ _NOT_SPECIFIED_ _NOT_SPECIFIED_ _NOT_SPECIFIED_ _NOT_SPECIFIED_
E_M0903_A, MON_M090_A04a _NOT_SPECIFIED_ _NOT_SPECIFIED_ _NOT_SPECIFIED_ _NOT_SPECIFIED_ _NOT_SPECIFIED_ _NOT_SPECIFIED_ _NOT_SPECIFIED_
E_M0903_L, MON_M090_A04a _NOT_SPECIFIED_ _NOT_SPECIFIED_ _NOT_SPECIFIED_ _NOT_SPECIFIED_ _NOT_SPECIFIED_ _NOT_SPECIFIED_ _NOT_SPECIFIED_
E_M0903_R, MON_M090_A04a _NOT_SPECIFIED_ _NOT_SPECIFIED_ _NOT_SPECIFIED_ _NOT_SPECIFIED_ _NOT_SPECIFIED_ _NOT_SPECIFIED_ _NOT_SPECIFIED_
E_M0904_A, MON_M090_A04a _NOT_SPECIFIED_ _NOT_SPECIFIED_ _NOT_SPECIFIED_ _NOT_SPECIFIED_ _NOT_SPECIFIED_ _NOT_SPECIFIED_ _NOT_SPECIFIED_
E_M0904_B, MON_M090_A04a _NOT_SPECIFIED_ _NOT_SPECIFIED_ _NOT_SPECIFIED_ _NOT_SPECIFIED_ _NOT_SPECIFIED_ _NOT_SPECIFIED_ _NOT_SPECIFIED_
E_M0904_L, MON_M090_A04a _NOT_SPECIFIED_ _NOT_SPECIFIED_ _NOT_SPECIFIED_ _NOT_SPECIFIED_ _NOT_SPECIFIED_ _NOT_SPECIFIED_ _NOT_SPECIFIED_
E_M0904_R, MON_M090_A04a _NOT_SPECIFIED_ _NOT_SPECIFIED_ _NOT_SPECIFIED_ _NOT_SPECIFIED_ _NOT_SPECIFIED_ _NOT_SPECIFIED_ _NOT_SPECIFIED_
E_M1000_A, MON_M100_A01a MON_M100_B01a MON_M100_B02a _NOT_SPECIFIED_ _NOT_SPECIFIED_ _NOT_SPECIFIED_ _NOT_SPECIFIED_ _NOT_SPECIFIED_
E_M1001_A, MON_M100_A01a MON_M100_B01a MON_M100_B02a _NOT_SPECIFIED_ _NOT_SPECIFIED_ _NOT_SPECIFIED_ _NOT_SPECIFIED_ _NOT_SPECIFIED_
E_M1002_A, MON_M100_B01a MON_M100_B01a_A MON_M100_B02a _NOT_SPECIFIED_ _NOT_SPECIFIED_ _NOT_SPECIFIED_ _NOT_SPECIFIED_ _NOT_SPECIFIED_
E_M1003_A, MON_M100_A01a MON_M100_B01a MON_M100_B02a _NOT_SPECIFIED_ _NOT_SPECIFIED_ _NOT_SPECIFIED_ _NOT_SPECIFIED_ _NOT_SPECIFIED_
E_M1004_A, MON_M100_B02a _NOT_SPECIFIED_ _NOT_SPECIFIED_ _NOT_SPECIFIED_ _NOT_SPECIFIED_ _NOT_SPECIFIED_ _NOT_SPECIFIED_ _NOT_SPECIFIED_
E_M1010_A, MON_M101_A01a MON_M101_A04a MON_M101_B01a _NOT_SPECIFIED_ _NOT_SPECIFIED_ _NOT_SPECIFIED_ _NOT_SPECIFIED_ _NOT_SPECIFIED_
E_M1011_A, MON_M101_A01a MON_M101_A04a MON_M101_A02a _NOT_SPECIFIED_ _NOT_SPECIFIED_ _NOT_SPECIFIED_ _NOT_SPECIFIED_ _NOT_SPECIFIED_
E_M1012_A, MON_M101_A01a MON_M101_A02a MON_M101_B01a _NOT_SPECIFIED_ _NOT_SPECIFIED_ _NOT_SPECIFIED_ _NOT_SPECIFIED_ _NOT_SPECIFIED_
E_M1020_A, MON_M102_A03a MON_M102_A08a MON_M102_A04a _NOT_SPECIFIED_ _NOT_SPECIFIED_ _NOT_SPECIFIED_ _NOT_SPECIFIED_ _NOT_SPECIFIED_
E_M1021_A, MON_M102_A03a MON_M102_A08a MON_M102_A01a _NOT_SPECIFIED_ _NOT_SPECIFIED_ _NOT_SPECIFIED_ _NOT_SPECIFIED_ _NOT_SPECIFIED_
E_M1022_A, MON_M102_A03a MON_M102_A07a MON_M102_A06a _NOT_SPECIFIED_ _NOT_SPECIFIED_ _NOT_SPECIFIED_ _NOT_SPECIFIED_ _NOT_SPECIFIED_
E_C01_TUTORIAL_MONSTER, MON_M021_A01a _NOT_SPECIFIED_ _NOT_SPECIFIED_ _NOT_SPECIFIED_ _NOT_SPECIFIED_ _NOT_SPECIFIED_ _NOT_SPECIFIED_ _NOT_SPECIFIED_
E_C01_DOOREVIL_A, MON_M100_A01a MON_M100_B01a MON_M100_B02a _NOT_SPECIFIED_ _NOT_SPECIFIED_ _NOT_SPECIFIED_ _NOT_SPECIFIED_ _NOT_SPECIFIED_
E_SUM_LBOSS_M070X_A, MON_M070_A01a MON_M070_A02a _NOT_SPECIFIED_ _NOT_SPECIFIED_ _NOT_SPECIFIED_ _NOT_SPECIFIED_ _NOT_SPECIFIED_ _NOT_SPECIFIED_
E_SUM_LBOSS_M0420_A, MON_M042_A02a _NOT_SPECIFIED_ _NOT_SPECIFIED_ _NOT_SPECIFIED_ _NOT_SPECIFIED_ _NOT_SPECIFIED_ _NOT_SPECIFIED_ _NOT_SPECIFIED_
E_SUM_LBOSS_M0512_A, MON_M051_A01a _NOT_SPECIFIED_ _NOT_SPECIFIED_ _NOT_SPECIFIED_ _NOT_SPECIFIED_ _NOT_SPECIFIED_ _NOT_SPECIFIED_ _NOT_SPECIFIED_
E_SUM_LBOSS_M0812_A, MON_M081_A01a _NOT_SPECIFIED_ _NOT_SPECIFIED_ _NOT_SPECIFIED_ _NOT_SPECIFIED_ _NOT_SPECIFIED_ _NOT_SPECIFIED_ _NOT_SPECIFIED_
E_SUM_LBOSS_M0521_A, MON_M052_A01a MON_M052_A01a MON_M052_A01a MON_M052_B02a _NOT_SPECIFIED_ _NOT_SPECIFIED_ _NOT_SPECIFIED_ _NOT_SPECIFIED_
E_BOSS_ELEMENT_MOKU_E, MON_M090_A04a _NOT_SPECIFIED_ _NOT_SPECIFIED_ _NOT_SPECIFIED_ _NOT_SPECIFIED_ _NOT_SPECIFIED_ _NOT_SPECIFIED_ _NOT_SPECIFIED_
E_BOSS_ELEMENT_MOKU_N, MON_M000_A02a MON_M000_A01a _NOT_SPECIFIED_ _NOT_SPECIFIED_ _NOT_SPECIFIED_ _NOT_SPECIFIED_ _NOT_SPECIFIED_ _NOT_SPECIFIED_
E_BOSS_ELEMENT_MOKU_H, MON_M021_A04a _NOT_SPECIFIED_ _NOT_SPECIFIED_ _NOT_SPECIFIED_ _NOT_SPECIFIED_ _NOT_SPECIFIED_ _NOT_SPECIFIED_ _NOT_SPECIFIED_
E_BOSS_ELEMENT_KA_E, MON_M090_A04a _NOT_SPECIFIED_ _NOT_SPECIFIED_ _NOT_SPECIFIED_ _NOT_SPECIFIED_ _NOT_SPECIFIED_ _NOT_SPECIFIED_ _NOT_SPECIFIED_
E_BOSS_ELEMENT_KA_N, MON_M023_A01a _NOT_SPECIFIED_ _NOT_SPECIFIED_ _NOT_SPECIFIED_ _NOT_SPECIFIED_ _NOT_SPECIFIED_ _NOT_SPECIFIED_ _NOT_SPECIFIED_
E_BOSS_ELEMENT_KA_H, MON_M051_B02a _NOT_SPECIFIED_ _NOT_SPECIFIED_ _NOT_SPECIFIED_ _NOT_SPECIFIED_ _NOT_SPECIFIED_ _NOT_SPECIFIED_ _NOT_SPECIFIED_
E_BOSS_ELEMENT_DO_E, MON_M090_A04a _NOT_SPECIFIED_ _NOT_SPECIFIED_ _NOT_SPECIFIED_ _NOT_SPECIFIED_ _NOT_SPECIFIED_ _NOT_SPECIFIED_ _NOT_SPECIFIED_
E_BOSS_ELEMENT_DO_N, MON_M102_A03a MON_M102_A08a MON_M102_A04a _NOT_SPECIFIED_ _NOT_SPECIFIED_ _NOT_SPECIFIED_ _NOT_SPECIFIED_ _NOT_SPECIFIED_
E_BOSS_ELEMENT_DO_H, MON_M071_B01a _NOT_SPECIFIED_ _NOT_SPECIFIED_ _NOT_SPECIFIED_ _NOT_SPECIFIED_ _NOT_SPECIFIED_ _NOT_SPECIFIED_ _NOT_SPECIFIED_
E_BOSS_ELEMENT_DO, MON_M100_B02a _NOT_SPECIFIED_ _NOT_SPECIFIED_ _NOT_SPECIFIED_ _NOT_SPECIFIED_ _NOT_SPECIFIED_ _NOT_SPECIFIED_ _NOT_SPECIFIED_
E_BOSS_ELEMENT_KIN_E, MON_M090_A04a _NOT_SPECIFIED_ _NOT_SPECIFIED_ _NOT_SPECIFIED_ _NOT_SPECIFIED_ _NOT_SPECIFIED_ _NOT_SPECIFIED_ _NOT_SPECIFIED_
E_BOSS_ELEMENT_KIN_N, MON_M002_A01a MON_M002_A05a _NOT_SPECIFIED_ _NOT_SPECIFIED_ _NOT_SPECIFIED_ _NOT_SPECIFIED_ _NOT_SPECIFIED_ _NOT_SPECIFIED_
E_BOSS_ELEMENT_KIN_H, MON_M050_A06a _NOT_SPECIFIED_ _NOT_SPECIFIED_ _NOT_SPECIFIED_ _NOT_SPECIFIED_ _NOT_SPECIFIED_ _NOT_SPECIFIED_ _NOT_SPECIFIED_
E_BOSS_ELEMENT_SUI_E, MON_M090_A04a _NOT_SPECIFIED_ _NOT_SPECIFIED_ _NOT_SPECIFIED_ _NOT_SPECIFIED_ _NOT_SPECIFIED_ _NOT_SPECIFIED_ _NOT_SPECIFIED_
E_BOSS_ELEMENT_SUI_N, MON_M040_A01a MON_M040_A03a MON_M040_A04a _NOT_SPECIFIED_ _NOT_SPECIFIED_ _NOT_SPECIFIED_ _NOT_SPECIFIED_ _NOT_SPECIFIED_
E_BOSS_ELEMENT_SUI_H, MON_M042_A03a _NOT_SPECIFIED_ _NOT_SPECIFIED_ _NOT_SPECIFIED_ _NOT_SPECIFIED_ _NOT_SPECIFIED_ _NOT_SPECIFIED_ _NOT_SPECIFIED_
E_BOSS_ELEMENT_SUI, MON_M041_B01a_A _NOT_SPECIFIED_ _NOT_SPECIFIED_ _NOT_SPECIFIED_ _NOT_SPECIFIED_ _NOT_SPECIFIED_ _NOT_SPECIFIED_ _NOT_SPECIFIED_
E_W01_AMYA_MYSTERY_00_A, MON_M042_A03a MON_M042_A04a _NOT_SPECIFIED_ _NOT_SPECIFIED_ _NOT_SPECIFIED_ _NOT_SPECIFIED_ _NOT_SPECIFIED_ _NOT_SPECIFIED_
E_W01_GHOSTTOWN_00_A, MON_M021_A03a MON_M021_A04a _NOT_SPECIFIED_ _NOT_SPECIFIED_ _NOT_SPECIFIED_ _NOT_SPECIFIED_ _NOT_SPECIFIED_ _NOT_SPECIFIED_
E_W01_KOMAINU_00_A, MON_M031_A01a_A MON_M031_A04a _NOT_SPECIFIED_ _NOT_SPECIFIED_ _NOT_SPECIFIED_ _NOT_SPECIFIED_ _NOT_SPECIFIED_ _NOT_SPECIFIED_
E_W01_YAMAGUMO_00_A, MON_M071_A03a MON_M071_B01a _NOT_SPECIFIED_ _NOT_SPECIFIED_ _NOT_SPECIFIED_ _NOT_SPECIFIED_ _NOT_SPECIFIED_ _NOT_SPECIFIED_
E_W01_LAKE_00_A, MON_M040_A01a MON_M040_A03a MON_M040_A04a _NOT_SPECIFIED_ _NOT_SPECIFIED_ _NOT_SPECIFIED_ _NOT_SPECIFIED_ _NOT_SPECIFIED_
E_W01_MIDO_GOKAKUDO_10_A, MON_M011_A01a MON_M011_B02a _NOT_SPECIFIED_ _NOT_SPECIFIED_ _NOT_SPECIFIED_ _NOT_SPECIFIED_ _NOT_SPECIFIED_ _NOT_SPECIFIED_
E_W01_BOSS_KORYU_A, MON_M011_A01a MON_M011_B02a _NOT_SPECIFIED_ _NOT_SPECIFIED_ _NOT_SPECIFIED_ _NOT_SPECIFIED_ _NOT_SPECIFIED_ _NOT_SPECIFIED_
E_W01_BOSS_KORYU_B, MON_M011_A01a MON_M011_B02a _NOT_SPECIFIED_ _NOT_SPECIFIED_ _NOT_SPECIFIED_ _NOT_SPECIFIED_ _NOT_SPECIFIED_ _NOT_SPECIFIED_
E_W01_MIDO_KEKKAI_00_A, MON_M100_B01a_A _NOT_SPECIFIED_ _NOT_SPECIFIED_ _NOT_SPECIFIED_ _NOT_SPECIFIED_ _NOT_SPECIFIED_ _NOT_SPECIFIED_ _NOT_SPECIFIED_
E_W01_MIDO_KEKKAI_01_A, MON_M100_A01a _NOT_SPECIFIED_ _NOT_SPECIFIED_ _NOT_SPECIFIED_ _NOT_SPECIFIED_ _NOT_SPECIFIED_ _NOT_SPECIFIED_ _NOT_SPECIFIED_
E_W01_MIDO_KEKKAI_02_A, MON_M100_B01a _NOT_SPECIFIED_ _NOT_SPECIFIED_ _NOT_SPECIFIED_ _NOT_SPECIFIED_ _NOT_SPECIFIED_ _NOT_SPECIFIED_ _NOT_SPECIFIED_
E_W01_MIDO_KEKKAI_03_A, MON_M100_B02a _NOT_SPECIFIED_ _NOT_SPECIFIED_ _NOT_SPECIFIED_ _NOT_SPECIFIED_ _NOT_SPECIFIED_ _NOT_SPECIFIED_ _NOT_SPECIFIED_
E_W02_SALAMANDER_00_A, MON_M011_A01a MON_M011_B02a _NOT_SPECIFIED_ _NOT_SPECIFIED_ _NOT_SPECIFIED_ _NOT_SPECIFIED_ _NOT_SPECIFIED_ _NOT_SPECIFIED_
E_W02_CELESTIAL_WING_GUARDIAN, MON_M010_A02a MON_M010_B02a MON_M010_A04a _NOT_SPECIFIED_ _NOT_SPECIFIED_ _NOT_SPECIFIED_ _NOT_SPECIFIED_ _NOT_SPECIFIED_
E_W02_CRYSTAL_MONSTER, MON_M070_A01a MON_M070_A03a MON_M070_A04a _NOT_SPECIFIED_ _NOT_SPECIFIED_ _NOT_SPECIFIED_ _NOT_SPECIFIED_ _NOT_SPECIFIED_
E_W02_WHITE_CALAMITY, MON_M090_A01a _NOT_SPECIFIED_ _NOT_SPECIFIED_ _NOT_SPECIFIED_ _NOT_SPECIFIED_ _NOT_SPECIFIED_ _NOT_SPECIFIED_ _NOT_SPECIFIED_
E_W02_BLACK_CALAMITY, MON_M090_A02a _NOT_SPECIFIED_ _NOT_SPECIFIED_ _NOT_SPECIFIED_ _NOT_SPECIFIED_ _NOT_SPECIFIED_ _NOT_SPECIFIED_ _NOT_SPECIFIED_
E_W02_RED_CALAMITY, MON_M090_A02a _NOT_SPECIFIED_ _NOT_SPECIFIED_ _NOT_SPECIFIED_ _NOT_SPECIFIED_ _NOT_SPECIFIED_ _NOT_SPECIFIED_ _NOT_SPECIFIED_
E_W02_BLUE_CALAMITY, MON_M090_A01a _NOT_SPECIFIED_ _NOT_SPECIFIED_ _NOT_SPECIFIED_ _NOT_SPECIFIED_ _NOT_SPECIFIED_ _NOT_SPECIFIED_ _NOT_SPECIFIED_
E_W02_YELLOW_CALAMITY, MON_M090_A01a _NOT_SPECIFIED_ _NOT_SPECIFIED_ _NOT_SPECIFIED_ _NOT_SPECIFIED_ _NOT_SPECIFIED_ _NOT_SPECIFIED_ _NOT_SPECIFIED_
E_W04_PEDRO_00_A, MON_M081_A01a_A MON_M081_A05a_A _NOT_SPECIFIED_ _NOT_SPECIFIED_ _NOT_SPECIFIED_ _NOT_SPECIFIED_ _NOT_SPECIFIED_ _NOT_SPECIFIED_
E_W04_PEDRO_01_A, MON_M081_A03a_A _NOT_SPECIFIED_ _NOT_SPECIFIED_ _NOT_SPECIFIED_ _NOT_SPECIFIED_ _NOT_SPECIFIED_ _NOT_SPECIFIED_ _NOT_SPECIFIED_
E_W04_AZURE_00_B, MON_M010_A01a MON_M010_A02a MON_M010_A04a _NOT_SPECIFIED_ _NOT_SPECIFIED_ _NOT_SPECIFIED_ _NOT_SPECIFIED_ _NOT_SPECIFIED_
E_W04_BOSS_BALTASAR_A, MON_M102_A03a MON_M102_A08a MON_M102_A07a _NOT_SPECIFIED_ _NOT_SPECIFIED_ _NOT_SPECIFIED_ _NOT_SPECIFIED_ _NOT_SPECIFIED_
E_W04_BOSS_BALTASAR_B, MON_M102_A08a MON_M102_A07a MON_M102_A06a _NOT_SPECIFIED_ _NOT_SPECIFIED_ _NOT_SPECIFIED_ _NOT_SPECIFIED_ _NOT_SPECIFIED_
E_W04_BOSS_BALTASAR_D, MON_M102_A03a MON_M102_A08a MON_M102_A07a _NOT_SPECIFIED_ _NOT_SPECIFIED_ _NOT_SPECIFIED_ _NOT_SPECIFIED_ _NOT_SPECIFIED_
E_W04_BOSS_BALTASAR_E, MON_M102_A08a MON_M102_A07a MON_M102_A06a _NOT_SPECIFIED_ _NOT_SPECIFIED_ _NOT_SPECIFIED_ _NOT_SPECIFIED_ _NOT_SPECIFIED_
E_W04_BOSS_SIGULD_C, MON_M100_A01a MON_M100_B01a MON_M100_B02a _NOT_SPECIFIED_ _NOT_SPECIFIED_ _NOT_SPECIFIED_ _NOT_SPECIFIED_ _NOT_SPECIFIED_
E_W04_MASTER_00_A, MON_M051_A01a MON_M051_B01a MON_M051_B02a _NOT_SPECIFIED_ _NOT_SPECIFIED_ _NOT_SPECIFIED_ _NOT_SPECIFIED_ _NOT_SPECIFIED_
E_W04_SEAGOD_A, MON_M011_A01a MON_M011_B02a _NOT_SPECIFIED_ _NOT_SPECIFIED_ _NOT_SPECIFIED_ _NOT_SPECIFIED_ _NOT_SPECIFIED_ _NOT_SPECIFIED_
E_W04_LIBERATOR_A, MON_M010_B02a MON_M010_A04a _NOT_SPECIFIED_ _NOT_SPECIFIED_ _NOT_SPECIFIED_ _NOT_SPECIFIED_ _NOT_SPECIFIED_ _NOT_SPECIFIED_
E_W06_CANCER_A, MON_M041_B01a _NOT_SPECIFIED_ _NOT_SPECIFIED_ _NOT_SPECIFIED_ _NOT_SPECIFIED_ _NOT_SPECIFIED_ _NOT_SPECIFIED_ _NOT_SPECIFIED_
E_W06_CANCER_B, MON_M071_B01a _NOT_SPECIFIED_ _NOT_SPECIFIED_ _NOT_SPECIFIED_ _NOT_SPECIFIED_ _NOT_SPECIFIED_ _NOT_SPECIFIED_ _NOT_SPECIFIED_
E_W06_PARASITE_A, MON_M051_A01a MON_M051_B01a MON_M051_B02a _NOT_SPECIFIED_ _NOT_SPECIFIED_ _NOT_SPECIFIED_ _NOT_SPECIFIED_ _NOT_SPECIFIED_
E_W06_SUPERPARASITE_A, MON_M051_A01a MON_M051_B01a MON_M051_B02a _NOT_SPECIFIED_ _NOT_SPECIFIED_ _NOT_SPECIFIED_ _NOT_SPECIFIED_ _NOT_SPECIFIED_
E_W06_SUPERPARASITE_B, MON_M051_A01a MON_M051_B01a MON_M051_B02a _NOT_SPECIFIED_ _NOT_SPECIFIED_ _NOT_SPECIFIED_ _NOT_SPECIFIED_ _NOT_SPECIFIED_
E_W07_EVAR_MISSION232_00_A, MON_M032_A02a MON_M032_B01a MON_M032_B02a _NOT_SPECIFIED_ _NOT_SPECIFIED_ _NOT_SPECIFIED_ _NOT_SPECIFIED_ _NOT_SPECIFIED_
E_W07_EVAR_MISSION401_00_A, MON_M081_A01a MON_M081_A05a MON_M081_A03a _NOT_SPECIFIED_ _NOT_SPECIFIED_ _NOT_SPECIFIED_ _NOT_SPECIFIED_ _NOT_SPECIFIED_
E_W08_M0722_A, MON_M072_A01a MON_M072_B03a_A MON_M072_B01a _NOT_SPECIFIED_ _NOT_SPECIFIED_ _NOT_SPECIFIED_ _NOT_SPECIFIED_ _NOT_SPECIFIED_
E_W08_M0403_A, MON_M040_A01a MON_M040_A04a _NOT_SPECIFIED_ _NOT_SPECIFIED_ _NOT_SPECIFIED_ _NOT_SPECIFIED_ _NOT_SPECIFIED_ _NOT_SPECIFIED_
E_W08_SOILMASTER_M0220_A, MON_M022_A02a MON_M022_A03a _NOT_SPECIFIED_ _NOT_SPECIFIED_ _NOT_SPECIFIED_ _NOT_SPECIFIED_ _NOT_SPECIFIED_ _NOT_SPECIFIED_
E_W10_MANUSCRIPT_MONSTER_00_A, MON_M102_A08a MON_M102_A04a MON_M102_A06a _NOT_SPECIFIED_ _NOT_SPECIFIED_ _NOT_SPECIFIED_ _NOT_SPECIFIED_ _NOT_SPECIFIED_
E_W10_DRIFTING_LIZARD_00_A, MON_M032_A02a MON_M032_B01a MON_M032_B02a _NOT_SPECIFIED_ _NOT_SPECIFIED_ _NOT_SPECIFIED_ _NOT_SPECIFIED_ _NOT_SPECIFIED_
E_W10_TSUCHINOKO_00_A, MON_M030_A04a _NOT_SPECIFIED_ _NOT_SPECIFIED_ _NOT_SPECIFIED_ _NOT_SPECIFIED_ _NOT_SPECIFIED_ _NOT_SPECIFIED_ _NOT_SPECIFIED_
E_W10_MONOFFID_00_A, MON_M023_A01a _NOT_SPECIFIED_ _NOT_SPECIFIED_ _NOT_SPECIFIED_ _NOT_SPECIFIED_ _NOT_SPECIFIED_ _NOT_SPECIFIED_ _NOT_SPECIFIED_
E_W10_SAMPLE56_00_A, MON_M070_A01a MON_M070_A02a _NOT_SPECIFIED_ _NOT_SPECIFIED_ _NOT_SPECIFIED_ _NOT_SPECIFIED_ _NOT_SPECIFIED_ _NOT_SPECIFIED_
E_W10_SAMPLE98_00_A, MON_M040_A01a MON_M040_A03a MON_M040_A04a _NOT_SPECIFIED_ _NOT_SPECIFIED_ _NOT_SPECIFIED_ _NOT_SPECIFIED_ _NOT_SPECIFIED_
E_W10_SAMPLE507_00_A, MON_M082_A03a MON_M082_A02a _NOT_SPECIFIED_ _NOT_SPECIFIED_ _NOT_SPECIFIED_ _NOT_SPECIFIED_ _NOT_SPECIFIED_ _NOT_SPECIFIED_
E_W10_NENKIN_00_A, MON_M050_A06a _NOT_SPECIFIED_ _NOT_SPECIFIED_ _NOT_SPECIFIED_ _NOT_SPECIFIED_ _NOT_SPECIFIED_ _NOT_SPECIFIED_ _NOT_SPECIFIED_
E_W10_NENKIN_00_B, MON_M050_A06a _NOT_SPECIFIED_ _NOT_SPECIFIED_ _NOT_SPECIFIED_ _NOT_SPECIFIED_ _NOT_SPECIFIED_ _NOT_SPECIFIED_ _NOT_SPECIFIED_
E_W10_NENKIN_01_A, MON_M050_A06a _NOT_SPECIFIED_ _NOT_SPECIFIED_ _NOT_SPECIFIED_ _NOT_SPECIFIED_ _NOT_SPECIFIED_ _NOT_SPECIFIED_ _NOT_SPECIFIED_
E_W10_NENKIN_01_B, MON_M050_A06a _NOT_SPECIFIED_ _NOT_SPECIFIED_ _NOT_SPECIFIED_ _NOT_SPECIFIED_ _NOT_SPECIFIED_ _NOT_SPECIFIED_ _NOT_SPECIFIED_
E_W10_MUTANT303_00_A, MON_M072_A01a MON_M072_B03a _NOT_SPECIFIED_ _NOT_SPECIFIED_ _NOT_SPECIFIED_ _NOT_SPECIFIED_ _NOT_SPECIFIED_ _NOT_SPECIFIED_
E_W10_QWEEN_00_A, MON_M023_A01a MON_M030_A04a MON_M031_A01a _NOT_SPECIFIED_ _NOT_SPECIFIED_ _NOT_SPECIFIED_ _NOT_SPECIFIED_ _NOT_SPECIFIED_
E_W10_QWEEN_00_B, MON_M102_A06a MON_M080_A03a MON_M000_A01a _NOT_SPECIFIED_ _NOT_SPECIFIED_ _NOT_SPECIFIED_ _NOT_SPECIFIED_ _NOT_SPECIFIED_
E_W10_QWEEN_00_C, MON_M070_A03a MON_M040_A04a MON_M082_A02a _NOT_SPECIFIED_ _NOT_SPECIFIED_ _NOT_SPECIFIED_ _NOT_SPECIFIED_ _NOT_SPECIFIED_
E_W11_M0302_A, MON_M030_A01a MON_M030_A04a MON_M030_A02a _NOT_SPECIFIED_ _NOT_SPECIFIED_ _NOT_SPECIFIED_ _NOT_SPECIFIED_ _NOT_SPECIFIED_
E_W11_M0402_A, MON_M040_A01a MON_M040_A04a _NOT_SPECIFIED_ _NOT_SPECIFIED_ _NOT_SPECIFIED_ _NOT_SPECIFIED_ _NOT_SPECIFIED_ _NOT_SPECIFIED_
E_W11_M0412_A, MON_M041_A02a MON_M041_B01a_A MON_M041_B03a _NOT_SPECIFIED_ _NOT_SPECIFIED_ _NOT_SPECIFIED_ _NOT_SPECIFIED_ _NOT_SPECIFIED_
E_W11_M0420_A, MON_M042_A02a MON_M042_A03a MON_M042_A04a _NOT_SPECIFIED_ _NOT_SPECIFIED_ _NOT_SPECIFIED_ _NOT_SPECIFIED_ _NOT_SPECIFIED_
E_W11_M0700_A, MON_M070_A01a MON_M070_A02a _NOT_SPECIFIED_ _NOT_SPECIFIED_ _NOT_SPECIFIED_ _NOT_SPECIFIED_ _NOT_SPECIFIED_ _NOT_SPECIFIED_
E_W11_M0711_A, MON_M071_A02a MON_M071_A03a MON_M071_B01a _NOT_SPECIFIED_ _NOT_SPECIFIED_ _NOT_SPECIFIED_ _NOT_SPECIFIED_ _NOT_SPECIFIED_
E_BS_W11_EPUIKE_A, MON_M100_A01a MON_M100_B01a MON_M100_B02a _NOT_SPECIFIED_ _NOT_SPECIFIED_ _NOT_SPECIFIED_ _NOT_SPECIFIED_ _NOT_SPECIFIED_
E_BS_W11_EPUIKE_B, MON_M100_A01a MON_M100_B01a MON_M100_B02a _NOT_SPECIFIED_ _NOT_SPECIFIED_ _NOT_SPECIFIED_ _NOT_SPECIFIED_ _NOT_SPECIFIED_
E_BS_W11_EPUIKE_B2, MON_M100_A01a MON_M100_B01a MON_M100_B02a _NOT_SPECIFIED_ _NOT_SPECIFIED_ _NOT_SPECIFIED_ _NOT_SPECIFIED_ _NOT_SPECIFIED_
E_W12_BOOK_KEEPER_00_A, MON_M000_A02a MON_M000_A01a _NOT_SPECIFIED_ _NOT_SPECIFIED_ _NOT_SPECIFIED_ _NOT_SPECIFIED_ _NOT_SPECIFIED_ _NOT_SPECIFIED_
E_W12_LEMPERORD_00_A, MON_M100_A01a MON_M100_B01a MON_M100_B02a _NOT_SPECIFIED_ _NOT_SPECIFIED_ _NOT_SPECIFIED_ _NOT_SPECIFIED_ _NOT_SPECIFIED_
E_W12_LEMPERORD_00_B, MON_M100_A01a MON_M100_B01a MON_M100_B02a _NOT_SPECIFIED_ _NOT_SPECIFIED_ _NOT_SPECIFIED_ _NOT_SPECIFIED_ _NOT_SPECIFIED_
E_W12_LEMPERORD_00_C, MON_M100_A01a MON_M100_B01a MON_M100_B02a _NOT_SPECIFIED_ _NOT_SPECIFIED_ _NOT_SPECIFIED_ _NOT_SPECIFIED_ _NOT_SPECIFIED_
E_W12_LEMPERORD_01_A, MON_M100_B02a _NOT_SPECIFIED_ _NOT_SPECIFIED_ _NOT_SPECIFIED_ _NOT_SPECIFIED_ _NOT_SPECIFIED_ _NOT_SPECIFIED_ _NOT_SPECIFIED_
E_W12_M0120_A, MON_M012_A03a _NOT_SPECIFIED_ _NOT_SPECIFIED_ _NOT_SPECIFIED_ _NOT_SPECIFIED_ _NOT_SPECIFIED_ _NOT_SPECIFIED_ _NOT_SPECIFIED_
E_W15_M0002_A, MON_M000_A02a MON_M000_A01a MON_M000_A04a _NOT_SPECIFIED_ _NOT_SPECIFIED_ _NOT_SPECIFIED_ _NOT_SPECIFIED_ _NOT_SPECIFIED_
E_W15_M0011_A, MON_M001_A02a MON_M001_A04a _NOT_SPECIFIED_ _NOT_SPECIFIED_ _NOT_SPECIFIED_ _NOT_SPECIFIED_ _NOT_SPECIFIED_ _NOT_SPECIFIED_
E_W15_M0021_A, MON_M002_A02a MON_M002_A05a MON_M002_A03a _NOT_SPECIFIED_ _NOT_SPECIFIED_ _NOT_SPECIFIED_ _NOT_SPECIFIED_ _NOT_SPECIFIED_
E_W15_M0221_A, MON_M022_A02a MON_M022_A03a _NOT_SPECIFIED_ _NOT_SPECIFIED_ _NOT_SPECIFIED_ _NOT_SPECIFIED_ _NOT_SPECIFIED_ _NOT_SPECIFIED_
E_W15_M0303_A, MON_M030_A01a MON_M030_A04a MON_M030_A02a _NOT_SPECIFIED_ _NOT_SPECIFIED_ _NOT_SPECIFIED_ _NOT_SPECIFIED_ _NOT_SPECIFIED_
E_W15_M0421_A, MON_M042_A02a MON_M042_A03a MON_M042_A04a _NOT_SPECIFIED_ _NOT_SPECIFIED_ _NOT_SPECIFIED_ _NOT_SPECIFIED_ _NOT_SPECIFIED_
E_W15_M0811_A, MON_M081_A01a MON_M081_A05a MON_M081_A03a _NOT_SPECIFIED_ _NOT_SPECIFIED_ _NOT_SPECIFIED_ _NOT_SPECIFIED_ _NOT_SPECIFIED_
E_W15_M0720_A, MON_M072_A01a MON_M072_B03a _NOT_SPECIFIED_ _NOT_SPECIFIED_ _NOT_SPECIFIED_ _NOT_SPECIFIED_ _NOT_SPECIFIED_ _NOT_SPECIFIED_
E_W15_M1020_A, MON_M102_A03a MON_M102_A08a MON_M102_A07a _NOT_SPECIFIED_ _NOT_SPECIFIED_ _NOT_SPECIFIED_ _NOT_SPECIFIED_ _NOT_SPECIFIED_
E_W15_EVAR_ALESSAAGHOST_02_A, MON_M021_A02a MON_M021_A04a MON_M021_A05a _NOT_SPECIFIED_ _NOT_SPECIFIED_ _NOT_SPECIFIED_ _NOT_SPECIFIED_ _NOT_SPECIFIED_
E_W18_M0312_A, MON_M031_A01a MON_M031_B01a _NOT_SPECIFIED_ _NOT_SPECIFIED_ _NOT_SPECIFIED_ _NOT_SPECIFIED_ _NOT_SPECIFIED_ _NOT_SPECIFIED_
E_W18_M0403_A, MON_M040_A01a MON_M040_A03a MON_M040_A04a _NOT_SPECIFIED_ _NOT_SPECIFIED_ _NOT_SPECIFIED_ _NOT_SPECIFIED_ _NOT_SPECIFIED_
E_W18_M0511_A, MON_M051_A01a MON_M051_B01a MON_M051_B02a _NOT_SPECIFIED_ _NOT_SPECIFIED_ _NOT_SPECIFIED_ _NOT_SPECIFIED_ _NOT_SPECIFIED_
E_W18_M0231_A, MON_M023_A01a MON_M023_A03a _NOT_SPECIFIED_ _NOT_SPECIFIED_ _NOT_SPECIFIED_ _NOT_SPECIFIED_ _NOT_SPECIFIED_ _NOT_SPECIFIED_
E_W18_M0721_A, MON_M072_A01a MON_M072_B03a_A MON_M072_B03a _NOT_SPECIFIED_ _NOT_SPECIFIED_ _NOT_SPECIFIED_ _NOT_SPECIFIED_ _NOT_SPECIFIED_
E_W18_M0302_A, MON_M030_A01a MON_M030_A04a MON_M030_A02a _NOT_SPECIFIED_ _NOT_SPECIFIED_ _NOT_SPECIFIED_ _NOT_SPECIFIED_ _NOT_SPECIFIED_
E_W18_M0010_A, MON_M001_A02a _NOT_SPECIFIED_ _NOT_SPECIFIED_ _NOT_SPECIFIED_ _NOT_SPECIFIED_ _NOT_SPECIFIED_ _NOT_SPECIFIED_ _NOT_SPECIFIED_
E_W18_M0420_A, MON_M042_A02a MON_M042_A03a MON_M042_A04a _NOT_SPECIFIED_ _NOT_SPECIFIED_ _NOT_SPECIFIED_ _NOT_SPECIFIED_ _NOT_SPECIFIED_
E_W18_M0900_A, MON_M090_A04a _NOT_SPECIFIED_ _NOT_SPECIFIED_ _NOT_SPECIFIED_ _NOT_SPECIFIED_ _NOT_SPECIFIED_ _NOT_SPECIFIED_ _NOT_SPECIFIED_
E_W18_BOSS_PRESIDENTMON_A, MON_M041_B01a _NOT_SPECIFIED_ _NOT_SPECIFIED_ _NOT_SPECIFIED_ _NOT_SPECIFIED_ _NOT_SPECIFIED_ _NOT_SPECIFIED_ _NOT_SPECIFIED_
E_W19_M1011_A, MON_M101_A02a MON_M101_B01a _NOT_SPECIFIED_ _NOT_SPECIFIED_ _NOT_SPECIFIED_ _NOT_SPECIFIED_ _NOT_SPECIFIED_ _NOT_SPECIFIED_
