label,ArtsProbabiliy1,ArtsProbabiliy2
OHS_WL000_A01,['OHS_WL000_A01_EX1','999'],['OHS_WL000_A01_EX2','999']
OHS_WL000_A02,['OHS_WL000_A02_EX1','999'],['None','0']
OHS_WL000_A04,['OHS_WL000_A04_EX1','999'],['None','0']
OHS_WL000_B01,['OHS_WL000_B01_EX1','999'],['None','0']
OHS_WLLSW_B01,['OHS_WLLSW_B01_EX1','999'],['None','0']
OHS_WLLSW_B02,['OHS_WLLSW_B02_EX1','999'],['None','0']
OHS_WLLSW_B03,['OHS_WLLSW_B03_EX1','999'],['None','0']
OHS_WLLSW_B04,['OHS_WLLSW_B04_EX1','999'],['None','0']
OHS_WLRAP_A01,['OHS_WLRAP_A01_EX1','999'],['None','0']
OHS_WLRAP_A02,['OHS_WLRAP_A02_EX1','999'],['None','0']
OHS_WLRAP_B01,['OHS_WLRAP_B01_EX1','999'],['None','0']
OHS_WLRAP_B02,['OHS_WLRAP_B02_EX1','999'],['None','0']
OHS_WLDAG_A01,['OHS_WLDAG_A01_EX1','999'],['None','0']
OHS_WLDAG_B01,['OHS_WLDAG_B01_EX1','999'],['None','0']
OHS_WLDAG_B02,['OHS_WLDAG_B02_EX1','999'],['None','0']
OHS_WLDAG_B03,['OHS_WLDAG_B03_EX1','999'],['None','0']
OHS_WLAXE_A01,['OHS_WLAXE_A01_EX1','999'],['None','0']
OHS_WLAXE_B01,['OHS_WLAXE_B01_EX1','999'],['None','0']
OHS_WLAXE_B02,['OHS_WLAXE_B02_EX1','999'],['None','0']
OHS_WLAXE_B03,['OHS_WLAXE_B03_EX1','999'],['None','0']
THS_WH000_A01,['THS_WH000_A01_EX1','999'],['THS_WH000_A01_EX2','999']
THS_WH000_A02,['THS_WH000_A02_EX1','999'],['None','0']
THS_WH000_A04,['THS_WH000_A04_EX1','999'],['None','0']
THS_WH000_B01,['THS_WH000_B01_EX1','999'],['None','0']
THS_WHGSW_A01,['THS_WHGSW_A01_EX1','999'],['None','0']
THS_WHGSW_B01,['THS_WHGSW_B01_EX1','999'],['None','0']
THS_WHGSW_B02,['THS_WHGSW_B02_EX1','999'],['None','0']
THS_WHGSW_B03,['THS_WHGSW_B03_EX1','999'],['None','0']
THS_WHGSW_B04,['THS_WHGSW_B04_EX1','999'],['None','0']
THS_WHSSW_A01,['THS_WHSSW_A01_EX1','999'],['None','0']
THS_WHSSW_B01,['THS_WHSSW_B01_EX1','999'],['None','0']
THS_WHSSW_B02,['THS_WHSSW_B02_EX1','999'],['None','0']
THS_WHSSW_B03,['THS_WHSSW_B03_EX1','999'],['None','0']
THS_WHSSW_B04,['THS_WHSSW_B04_EX1','999'],['None','0']
THS_WHPSW_A01,['THS_WHPSW_A01_EX1','999'],['None','0']
THS_WHPSW_B01,['THS_WHPSW_B01_EX1','999'],['None','0']
THS_WHPSW_B02,['THS_WHPSW_B02_EX1','999'],['None','0']
THS_WHPSW_B03,['THS_WHPSW_B03_EX1','999'],['None','0']
THS_WHPSW_B04,['THS_WHPSW_B04_EX1','999'],['None','0']
OHG_GL000_A01,['OHG_GL000_A01_EX1','999'],['OHG_GL000_A01_EX2','999']
OHG_GL000_A02,['OHG_GL000_A02_EX1','999'],['None','0']
OHG_GL000_A04,['OHG_GL000_A04_EX1','999'],['None','0']
OHG_GL000_A05,['OHG_GL000_A05_EX1','999'],['None','0']
OHG_GL000_B01,['OHG_GL000_B01_EX1','999'],['None','0']
OHG_GL000_B03,['OHG_GL000_B03_EX1','999'],['None','0']
OHG_GL000_B04,['OHG_GL000_B04_EX1','999'],['None','0']
OHG_GL000_B05,['OHG_GL000_B05_EX1','999'],['None','0']
OHG_GL000_B06,['OHG_GL000_B06_EX1','999'],['None','0']
OHG_GL000_B08,['OHG_GL000_B08_EX1','999'],['None','0']
THG_GH000_A01,['THG_GH000_A01_EX1','999'],['THG_GH000_A01_EX2','999']
THG_GH000_A02,['THG_GH000_A02_EX1','999'],['None','0']
THG_GH000_A03,['THG_GH000_A03_EX1','999'],['None','0']
THG_GH000_A04,['THG_GH000_A04_EX1','999'],['None','0']
THG_GH000_B01,['THG_GH000_B01_EX1','999'],['None','0']
THG_GH000_B02,['THG_GH000_B02_EX1','999'],['None','0']
THG_GHMAC_A01,['THG_GHMAC_A01_EX1','999'],['None','0']
THG_GHMAC_B01,['THG_GHMAC_B01_EX1','999'],['None','0']
THG_GHMAC_B02,['THG_GHMAC_B02_EX1','999'],['None','0']
THG_GHFLA_A01,['THG_GHFLA_A01_EX1','999'],['None','0']
THG_GHFLA_B01,['THG_GHFLA_B01_EX1','999'],['None','0']
THG_GHFLA_B02,['THG_GHFLA_B02_EX1','999'],['None','0']
THG_GHELE_A01,['THG_GHELE_A01_EX1','999'],['None','0']
THG_GHELE_A02,['THG_GHELE_A02_EX1','999'],['None','0']
THG_GHELE_B01,['THG_GHELE_B01_EX1','999'],['None','0']
THG_GHBOM_A01,['THG_GHBOM_A01_EX1','999'],['None','0']
THG_GHBOM_B01,['THG_GHBOM_B01_EX1','999'],['None','0']
THG_GHBOM_B02,['THG_GHBOM_B02_EX1','999'],['None','0']
THG_GHCHE_A01,['THG_GHCHE_A01_EX1','999'],['None','0']
THG_GHCHE_B01,['THG_GHCHE_B01_EX1','999'],['None','0']
THG_GHCHE_B02,['THG_GHCHE_B02_EX1','999'],['None','0']
MAR_MA000_A01,['MAR_MA000_A01_EX1','999'],['None','0']
MAR_MA000_A07,['MAR_MA000_A07_EX1','999'],['None','0']
MAR_MA000_B03,['MAR_MA000_B03_EX1','999'],['None','0']
MAR_MA000_B06,['MAR_MA000_B06_EX1','999'],['None','0']
MAR_MA000_B08,['MAR_MA000_B08_EX1','999'],['None','0']
MAR_MA000_A02,['MAR_MA000_A02_EX1','999'],['None','0']
MAR_MA000_A08,['MAR_MA000_A08_EX1','999'],['None','0']
MAR_MA000_B01,['MAR_MA000_B01_EX1','999'],['None','0']
MAR_MA000_B04,['MAR_MA000_B04_EX1','999'],['None','0']
MAR_MA000_B07,['MAR_MA000_B07_EX1','999'],['None','0']
MAR_MA000_A04,['MAR_MA000_A04_EX1','999'],['None','0']
MAR_MA000_A06,['MAR_MA000_A06_EX1','999'],['None','0']
MAR_MA000_A09,['MAR_MA000_A09_EX1','999'],['None','0']
MAR_MA000_B02,['MAR_MA000_B02_EX1','999'],['None','0']
MAR_MA000_B09,['MAR_MA000_B09_EX1','999'],['None','0']
