label,MaxRank,Attack,BP,Count,Turn,EffectInfo1,EffectInfo2,EffectInfo3,EffectInfo4,EffectInfo5
OHS_WL000_A01,5,0,['0','0','0','0','0'],['0','7','42','116','240'],['0','0','0','0','0'],['0','0','0','0'],['0','0','0','0'],['0','0','0','0'],['0','0','0','0'],['0','0','0','0']
OHS_WL000_A02,5,0,['0','0','0','0','0'],['0','7','42','116','240'],['0','0','0','0','0'],['0','0','0','0'],['0','0','0','0'],['0','0','0','0'],['0','0','0','0'],['0','0','0','0']
OHS_WL000_PROTECT,3,0,['0','1','1','0','0'],['0','3','36','999','999'],['0','0','0','0','0'],['0','0','0','0'],['0','0','0','0'],['0','0','0','0'],['0','0','0','0'],['0','0','0','0']
OHS_WL000_A04,5,0,['0','0','0','0','0'],['0','7','39','109','224'],['0','0','0','0','0'],['0','0','0','0'],['0','0','0','0'],['0','0','0','0'],['0','0','0','0'],['0','0','0','0']
OHS_WL000_B01,5,0,['0','0','0','0','0'],['0','5','31','85','176'],['0','0','0','0','0'],['0','0','0','0'],['0','0','0','0'],['0','0','0','0'],['0','0','0','0'],['0','0','0','0']
OHS_WL000_B01_A,5,0,['0','0','0','0','0'],['0','5','31','85','176'],['0','0','0','0','0'],['0','0','0','0'],['0','0','0','0'],['0','0','0','0'],['0','0','0','0'],['0','0','0','0']
OHS_WLLSW_B01,5,0,['0','0','0','0','0'],['0','7','39','109','224'],['0','0','0','0','0'],['0','0','0','0'],['0','0','0','0'],['0','0','0','0'],['0','0','0','0'],['0','0','0','0']
OHS_WLLSW_B01_A,5,0,['0','0','0','0','0'],['0','6','36','101','208'],['0','0','0','0','0'],['0','0','0','0'],['0','0','0','0'],['0','0','0','0'],['0','0','0','0'],['0','0','0','0']
OHS_WLLSW_B02,5,0,['0','0','0','0','0'],['0','6','36','101','208'],['0','0','0','0','0'],['0','0','0','0'],['0','0','0','0'],['0','0','0','0'],['0','0','0','0'],['0','0','0','0']
OHS_WLLSW_B03,5,0,['0','0','0','0','0'],['0','6','33','93','192'],['0','0','0','0','0'],['0','0','0','0'],['0','0','0','0'],['0','0','0','0'],['0','0','0','0'],['0','0','0','0']
OHS_WLLSW_B04,5,0,['0','0','0','0','0'],['0','5','31','85','176'],['0','0','0','0','0'],['0','0','0','0'],['0','0','0','0'],['0','0','0','0'],['0','0','0','0'],['0','0','0','0']
OHS_WLRAP_A01,5,0,['0','0','0','0','0'],['0','7','39','109','224'],['0','0','0','0','0'],['0','0','0','0'],['0','0','0','0'],['0','0','0','0'],['0','0','0','0'],['0','0','0','0']
OHS_WLRAP_A02,5,0,['0','0','0','0','0'],['0','6','36','101','208'],['0','0','0','0','0'],['0','0','0','0'],['0','0','0','0'],['0','0','0','0'],['0','0','0','0'],['0','0','0','0']
OHS_WLRAP_B01,5,0,['0','0','0','0','0'],['0','6','33','93','192'],['0','0','0','0','0'],['0','0','0','0'],['0','0','0','0'],['0','0','0','0'],['0','0','0','0'],['0','0','0','0']
OHS_WLRAP_B02,5,0,['0','0','0','0','0'],['0','5','31','85','176'],['0','0','0','0','0'],['0','0','0','0'],['0','0','0','0'],['0','0','0','0'],['0','0','0','0'],['0','0','0','0']
OHS_WLDAG_A01,5,0,['0','0','0','0','0'],['0','7','39','109','224'],['0','0','0','0','0'],['0','0','0','0'],['0','0','0','0'],['0','0','0','0'],['0','0','0','0'],['0','0','0','0']
OHS_WLDAG_B01,5,0,['0','0','0','0','0'],['0','6','36','101','208'],['0','0','0','0','0'],['0','0','0','0'],['0','0','0','0'],['0','0','0','0'],['0','0','0','0'],['0','0','0','0']
OHS_WLDAG_B02,5,0,['0','0','0','0','0'],['0','6','33','93','192'],['0','0','0','0','0'],['0','0','0','0'],['0','0','0','0'],['0','0','0','0'],['0','0','0','0'],['0','0','0','0']
OHS_WLDAG_B03,5,0,['0','0','0','0','0'],['0','5','31','85','176'],['0','0','0','0','0'],['0','0','0','0'],['0','0','0','0'],['0','0','0','0'],['0','0','0','0'],['0','0','0','0']
OHS_WLAXE_A01,5,0,['0','0','0','0','0'],['0','6','36','101','208'],['0','0','0','0','0'],['0','0','0','0'],['0','0','0','0'],['0','0','0','0'],['0','0','0','0'],['0','0','0','0']
OHS_WLAXE_B01,5,0,['0','0','0','0','0'],['0','6','33','93','192'],['0','0','0','0','0'],['0','0','0','0'],['0','0','0','0'],['0','0','0','0'],['0','0','0','0'],['0','0','0','0']
OHS_WLAXE_B02,5,0,['0','0','0','0','0'],['0','5','31','85','176'],['0','0','0','0','0'],['0','0','0','0'],['0','0','0','0'],['0','0','0','0'],['0','0','0','0'],['0','0','0','0']
OHS_WLAXE_B03,5,0,['0','0','0','0','0'],['0','5','28','77','160'],['0','0','0','0','0'],['0','0','0','0'],['0','0','0','0'],['0','0','0','0'],['0','0','0','0'],['0','0','0','0']
OHS_WLAXE_B03_EX1_BASE,5,0,['0','0','0','0','0'],['0','5','28','77','160'],['0','0','0','0','0'],['0','0','0','0'],['0','0','0','0'],['0','0','0','0'],['0','0','0','0'],['0','0','0','0']
OHS_WLTSW_A01,5,0,['0','0','0','0','0'],['0','5','31','85','176'],['0','0','0','0','0'],['0','0','0','0'],['0','0','0','0'],['0','0','0','0'],['0','0','0','0'],['0','0','0','0']
OHS_WLTSW_B01,5,0,['0','0','0','0','0'],['0','5','28','77','160'],['0','0','0','0','0'],['0','0','0','0'],['0','0','0','0'],['0','0','0','0'],['0','0','0','0'],['0','0','0','0']
OHS_WLTSW_B02,5,0,['0','0','0','0','0'],['0','5','28','77','160'],['0','0','0','0','0'],['0','0','0','0'],['0','0','0','0'],['0','0','0','0'],['0','0','0','0'],['0','0','0','0']
THS_WH000_A01,5,0,['0','0','0','0','0'],['0','7','39','109','224'],['0','0','0','0','0'],['0','0','0','0'],['0','0','0','0'],['0','0','0','0'],['0','0','0','0'],['0','0','0','0']
THS_WH000_A02,5,0,['0','0','0','0','0'],['0','6','36','101','208'],['0','0','0','0','0'],['0','0','0','0'],['0','0','0','0'],['0','0','0','0'],['0','0','0','0'],['0','0','0','0']
THS_WH000_A02_SOUL_BASE,5,0,['0','0','0','0','0'],['0','6','36','101','208'],['0','0','0','0','0'],['0','0','0','0'],['0','0','0','0'],['0','0','0','0'],['0','0','0','0'],['0','0','0','0']
THS_WH000_PROTECT,3,0,['0','1','1','0','0'],['0','3','36','999','999'],['0','0','0','0','0'],['0','0','0','0'],['0','0','0','0'],['0','0','0','0'],['0','0','0','0'],['0','0','0','0']
THS_WH000_A04,5,0,['0','0','0','0','0'],['0','6','33','93','192'],['0','0','0','0','0'],['0','0','0','0'],['0','0','0','0'],['0','0','0','0'],['0','0','0','0'],['0','0','0','0']
THS_WH000_A04_SOUL_BASE,5,0,['0','0','0','0','0'],['0','6','33','93','192'],['0','0','0','0','0'],['0','0','0','0'],['0','0','0','0'],['0','0','0','0'],['0','0','0','0'],['0','0','0','0']
THS_WH000_B01,5,0,['0','0','0','0','0'],['0','5','28','77','160'],['0','0','0','0','0'],['0','0','0','0'],['0','0','0','0'],['0','0','0','0'],['0','0','0','0'],['0','0','0','0']
THS_WH000_B01_A,5,0,['0','0','0','0','0'],['0','7','39','109','224'],['0','0','0','0','0'],['0','0','0','0'],['0','0','0','0'],['0','0','0','0'],['0','0','0','0'],['0','0','0','0']
THS_WHGSW_A01,5,0,['0','0','0','0','0'],['0','6','36','101','208'],['0','0','0','0','0'],['0','0','0','0'],['0','0','0','0'],['0','0','0','0'],['0','0','0','0'],['0','0','0','0']
THS_WHGSW_A01_A,5,0,['0','0','0','0','0'],['0','6','33','93','192'],['0','0','0','0','0'],['0','0','0','0'],['0','0','0','0'],['0','0','0','0'],['0','0','0','0'],['0','0','0','0']
THS_WHGSW_B01,5,0,['0','0','0','0','0'],['0','6','33','93','192'],['0','0','0','0','0'],['0','0','0','0'],['0','0','0','0'],['0','0','0','0'],['0','0','0','0'],['0','0','0','0']
THS_WHGSW_B02,5,0,['0','0','0','0','0'],['0','5','31','85','176'],['0','0','0','0','0'],['0','0','0','0'],['0','0','0','0'],['0','0','0','0'],['0','0','0','0'],['0','0','0','0']
THS_WHGSW_B03,5,0,['0','0','0','0','0'],['0','5','28','77','160'],['0','0','0','0','0'],['0','0','0','0'],['0','0','0','0'],['0','0','0','0'],['0','0','0','0'],['0','0','0','0']
THS_WHGSW_B04,5,0,['0','0','0','0','0'],['0','4','25','70','144'],['0','0','0','0','0'],['0','0','0','0'],['0','0','0','0'],['0','0','0','0'],['0','0','0','0'],['0','0','0','0']
THS_WHSSW_A01,5,0,['0','0','0','0','0'],['0','6','36','101','208'],['0','0','0','0','0'],['0','0','0','0'],['0','0','0','0'],['0','0','0','0'],['0','0','0','0'],['0','0','0','0']
THS_WHSSW_B01,5,0,['0','0','0','0','0'],['0','6','33','93','192'],['0','0','0','0','0'],['0','0','0','0'],['0','0','0','0'],['0','0','0','0'],['0','0','0','0'],['0','0','0','0']
THS_WHSSW_B02,5,0,['0','0','0','0','0'],['0','5','31','85','176'],['0','0','0','0','0'],['0','0','0','0'],['0','0','0','0'],['0','0','0','0'],['0','0','0','0'],['0','0','0','0']
THS_WHSSW_B03,5,0,['0','0','0','0','0'],['0','5','28','77','160'],['0','0','0','0','0'],['0','0','0','0'],['0','0','0','0'],['0','0','0','0'],['0','0','0','0'],['0','0','0','0']
THS_WHSSW_B04,5,0,['0','0','0','0','0'],['0','4','25','70','144'],['0','0','0','0','0'],['0','0','0','0'],['0','0','0','0'],['0','0','0','0'],['0','0','0','0'],['0','0','0','0']
THS_WHSSW_B04_EX1_BASE,5,0,['0','0','0','0','0'],['0','4','25','70','144'],['0','0','0','0','0'],['0','0','0','0'],['0','0','0','0'],['0','0','0','0'],['0','0','0','0'],['0','0','0','0']
THS_WHPSW_A01,5,0,['0','0','0','0','0'],['0','7','39','109','224'],['0','0','0','0','0'],['0','0','0','0'],['0','0','0','0'],['0','0','0','0'],['0','0','0','0'],['0','0','0','0']
THS_WHPSW_A01_EX1_BASE,5,0,['0','0','0','0','0'],['0','7','39','109','224'],['0','0','0','0','0'],['0','0','0','0'],['0','0','0','0'],['0','0','0','0'],['0','0','0','0'],['0','0','0','0']
THS_WHPSW_B01,5,0,['0','0','0','0','0'],['0','6','36','101','208'],['0','0','0','0','0'],['0','0','0','0'],['0','0','0','0'],['0','0','0','0'],['0','0','0','0'],['0','0','0','0']
THS_WHPSW_B02,5,0,['0','0','0','0','0'],['0','6','33','93','192'],['0','0','0','0','0'],['0','0','0','0'],['0','0','0','0'],['0','0','0','0'],['0','0','0','0'],['0','0','0','0']
THS_WHPSW_B02_A,5,0,['0','0','0','0','0'],['0','6','36','101','208'],['0','0','0','0','0'],['0','0','0','0'],['0','0','0','0'],['0','0','0','0'],['0','0','0','0'],['0','0','0','0']
THS_WHPSW_B03,5,0,['0','0','0','0','0'],['0','5','31','85','176'],['0','0','0','0','0'],['0','0','0','0'],['0','0','0','0'],['0','0','0','0'],['0','0','0','0'],['0','0','0','0']
THS_WHPSW_B04,5,0,['0','0','0','0','0'],['0','5','28','77','160'],['0','0','0','0','0'],['0','0','0','0'],['0','0','0','0'],['0','0','0','0'],['0','0','0','0'],['0','0','0','0']
THS_WHPSW_B04_EX1_BASE,5,0,['0','0','0','0','0'],['0','5','28','77','160'],['0','0','0','0','0'],['0','0','0','0'],['0','0','0','0'],['0','0','0','0'],['0','0','0','0'],['0','0','0','0']
OHG_GL000_A01,5,0,['0','0','0','0','0'],['0','7','42','116','240'],['0','0','0','0','0'],['0','0','0','0'],['0','0','0','0'],['0','0','0','0'],['0','0','0','0'],['0','0','0','0']
OHG_GL000_A02,5,0,['0','0','0','0','0'],['0','7','39','109','224'],['0','0','0','0','0'],['0','0','0','0'],['0','0','0','0'],['0','0','0','0'],['0','0','0','0'],['0','0','0','0']
OHG_GL000_A04,5,0,['0','0','0','0','0'],['0','7','39','109','224'],['0','0','0','0','0'],['0','0','0','0'],['0','0','0','0'],['0','0','0','0'],['0','0','0','0'],['0','0','0','0']
OHG_GL000_A05,5,0,['0','0','0','0','0'],['0','7','39','109','224'],['0','0','0','0','0'],['0','0','0','0'],['0','0','0','0'],['0','0','0','0'],['0','0','0','0'],['0','0','0','0']
OHG_GL000_B01,5,0,['0','0','0','0','0'],['0','7','39','109','224'],['0','0','0','0','0'],['0','0','0','0'],['0','0','0','0'],['0','0','0','0'],['0','0','0','0'],['0','0','0','0']
OHG_GL000_B03,5,0,['0','0','0','0','0'],['0','6','33','93','192'],['0','0','0','0','0'],['0','0','0','0'],['0','0','0','0'],['0','0','0','0'],['0','0','0','0'],['0','0','0','0']
OHG_GL000_B04,5,0,['0','0','0','0','0'],['0','6','36','101','208'],['0','0','0','0','0'],['0','0','0','0'],['0','0','0','0'],['0','0','0','0'],['0','0','0','0'],['0','0','0','0']
OHG_GL000_B05,5,0,['0','0','0','0','0'],['0','6','36','101','208'],['0','0','0','0','0'],['0','0','0','0'],['0','0','0','0'],['0','0','0','0'],['0','0','0','0'],['0','0','0','0']
OHG_GL000_B06,5,0,['0','0','0','0','0'],['0','6','33','93','192'],['0','0','0','0','0'],['0','0','0','0'],['0','0','0','0'],['0','0','0','0'],['0','0','0','0'],['0','0','0','0']
OHG_GL000_B08,5,0,['0','0','0','0','0'],['0','5','31','85','176'],['0','0','0','0','0'],['0','0','0','0'],['0','0','0','0'],['0','0','0','0'],['0','0','0','0'],['0','0','0','0']
OHG_GLTWO_A01,5,0,['0','0','0','0','0'],['0','5','31','85','176'],['0','0','0','0','0'],['0','0','0','0'],['0','0','0','0'],['0','0','0','0'],['0','0','0','0'],['0','0','0','0']
OHG_GLTWO_A02,5,0,['0','0','0','0','0'],['0','6','33','93','192'],['0','0','0','0','0'],['0','0','0','0'],['0','0','0','0'],['0','0','0','0'],['0','0','0','0'],['0','0','0','0']
OHG_GLTWO_B01,5,0,['0','0','0','0','0'],['0','5','28','77','160'],['0','0','0','0','0'],['0','0','0','0'],['0','0','0','0'],['0','0','0','0'],['0','0','0','0'],['0','0','0','0']
OHG_SG000_B01,5,0,['0','0','0','0','0'],['0','5','28','77','160'],['0','0','0','0','0'],['0','0','0','0'],['0','0','0','0'],['0','0','0','0'],['0','0','0','0'],['0','0','0','0']
OHG_SG000_B02,5,0,['0','0','0','0','0'],['0','6','33','93','192'],['0','0','0','0','0'],['0','0','0','0'],['0','0','0','0'],['0','0','0','0'],['0','0','0','0'],['0','0','0','0']
OHG_SG000_B03,5,0,['0','0','0','0','0'],['0','5','28','77','160'],['0','0','0','0','0'],['0','0','0','0'],['0','0','0','0'],['0','0','0','0'],['0','0','0','0'],['0','0','0','0']
THG_GH000_A01,5,0,['0','0','0','0','0'],['0','6','36','101','208'],['0','0','0','0','0'],['0','0','0','0'],['0','0','0','0'],['0','0','0','0'],['0','0','0','0'],['0','0','0','0']
THG_GH000_A02,5,0,['0','0','0','0','0'],['0','6','36','101','208'],['0','0','0','0','0'],['0','0','0','0'],['0','0','0','0'],['0','0','0','0'],['0','0','0','0'],['0','0','0','0']
THG_GH000_A03,5,0,['0','0','0','0','0'],['0','6','33','93','192'],['0','0','0','0','0'],['0','0','0','0'],['0','0','0','0'],['0','0','0','0'],['0','0','0','0'],['0','0','0','0']
THG_GH000_A04,5,0,['0','0','0','0','0'],['0','5','31','85','176'],['0','0','0','0','0'],['0','0','0','0'],['0','0','0','0'],['0','0','0','0'],['0','0','0','0'],['0','0','0','0']
THG_GH000_B01,5,0,['0','0','0','0','0'],['0','5','28','77','160'],['0','0','0','0','0'],['0','0','0','0'],['0','0','0','0'],['0','0','0','0'],['0','0','0','0'],['0','0','0','0']
THG_GH000_B02,5,0,['0','0','0','0','0'],['0','5','28','77','160'],['0','0','0','0','0'],['0','0','0','0'],['0','0','0','0'],['0','0','0','0'],['0','0','0','0'],['0','0','0','0']
THG_GH000_B02_SOUL_BASE,5,0,['0','0','0','0','0'],['0','5','28','77','160'],['0','0','0','0','0'],['0','0','0','0'],['0','0','0','0'],['0','0','0','0'],['0','0','0','0'],['0','0','0','0']
THG_GHMAC_A01,5,0,['0','0','0','0','0'],['0','6','36','101','208'],['0','0','0','0','0'],['0','0','0','0'],['0','0','0','0'],['0','0','0','0'],['0','0','0','0'],['0','0','0','0']
THG_GHMAC_B01,5,0,['0','0','0','0','0'],['0','6','33','93','192'],['0','0','0','0','0'],['0','0','0','0'],['0','0','0','0'],['0','0','0','0'],['0','0','0','0'],['0','0','0','0']
THG_GHMAC_B02,5,0,['0','0','0','0','0'],['0','5','31','85','176'],['0','0','0','0','0'],['0','0','0','0'],['0','0','0','0'],['0','0','0','0'],['0','0','0','0'],['0','0','0','0']
THG_GHFLA_A01,5,0,['0','0','0','0','0'],['0','6','36','101','208'],['0','0','0','0','0'],['0','0','0','0'],['0','0','0','0'],['0','0','0','0'],['0','0','0','0'],['0','0','0','0']
THG_GHFLA_B01,5,0,['0','0','0','0','0'],['0','6','33','93','192'],['0','0','0','0','0'],['0','0','0','0'],['0','0','0','0'],['0','0','0','0'],['0','0','0','0'],['0','0','0','0']
THG_GHFLA_B02,5,0,['0','0','0','0','0'],['0','5','28','77','160'],['0','0','0','0','0'],['0','0','0','0'],['0','0','0','0'],['0','0','0','0'],['0','0','0','0'],['0','0','0','0']
THG_GHELE_A01,5,0,['0','0','0','0','0'],['0','6','36','101','208'],['0','0','0','0','0'],['0','0','0','0'],['0','0','0','0'],['0','0','0','0'],['0','0','0','0'],['0','0','0','0']
THG_GHELE_A02,5,0,['0','0','0','0','0'],['0','6','33','93','192'],['0','0','0','0','0'],['0','0','0','0'],['0','0','0','0'],['0','0','0','0'],['0','0','0','0'],['0','0','0','0']
THG_GHELE_B01,5,0,['0','0','0','0','0'],['0','5','28','77','160'],['0','0','0','0','0'],['0','0','0','0'],['0','0','0','0'],['0','0','0','0'],['0','0','0','0'],['0','0','0','0']
THG_GHBOM_A01,5,0,['0','0','0','0','0'],['0','6','36','101','208'],['0','0','0','0','0'],['0','0','0','0'],['0','0','0','0'],['0','0','0','0'],['0','0','0','0'],['0','0','0','0']
THG_GHBOM_B01,5,0,['0','0','0','0','0'],['0','6','33','93','192'],['0','0','0','0','0'],['0','0','0','0'],['0','0','0','0'],['0','0','0','0'],['0','0','0','0'],['0','0','0','0']
THG_GHBOM_B02,5,0,['0','0','0','0','0'],['0','5','28','77','160'],['0','0','0','0','0'],['0','0','0','0'],['0','0','0','0'],['0','0','0','0'],['0','0','0','0'],['0','0','0','0']
THG_GHCHE_A01,5,0,['0','0','0','0','0'],['0','6','36','101','208'],['0','0','0','0','0'],['0','0','0','0'],['0','0','0','0'],['0','0','0','0'],['0','0','0','0'],['0','0','0','0']
THG_GHCHE_B01,5,0,['0','0','0','0','0'],['0','6','33','93','192'],['0','0','0','0','0'],['0','0','0','0'],['0','0','0','0'],['0','0','0','0'],['0','0','0','0'],['0','0','0','0']
THG_GHCHE_B02,5,0,['0','0','0','0','0'],['0','5','28','77','160'],['0','0','0','0','0'],['0','0','0','0'],['0','0','0','0'],['0','0','0','0'],['0','0','0','0'],['0','0','0','0']
MAR_MA000_A01,5,0,['0','0','0','0','0'],['0','7','42','116','240'],['0','0','0','0','0'],['0','0','0','0'],['0','0','0','0'],['0','0','0','0'],['0','0','0','0'],['0','0','0','0']
MAR_MA000_A07,5,0,['0','0','0','0','0'],['0','7','39','109','224'],['0','0','0','0','0'],['0','0','0','0'],['0','0','0','0'],['0','0','0','0'],['0','0','0','0'],['0','0','0','0']
MAR_MA000_B03,5,0,['0','0','0','0','0'],['0','6','36','101','208'],['0','0','0','0','0'],['0','0','0','0'],['0','0','0','0'],['0','0','0','0'],['0','0','0','0'],['0','0','0','0']
MAR_MA000_B06,5,0,['0','0','0','0','0'],['0','6','33','93','192'],['0','0','0','0','0'],['0','0','0','0'],['0','0','0','0'],['0','0','0','0'],['0','0','0','0'],['0','0','0','0']
MAR_MA000_B08,5,0,['0','0','0','0','0'],['0','5','31','85','176'],['0','0','0','0','0'],['0','0','0','0'],['0','0','0','0'],['0','0','0','0'],['0','0','0','0'],['0','0','0','0']
MAR_MA000_A02,5,0,['0','0','0','0','0'],['0','7','42','116','240'],['0','0','0','0','0'],['0','0','0','0'],['0','0','0','0'],['0','0','0','0'],['0','0','0','0'],['0','0','0','0']
MAR_MA000_A08,5,0,['0','0','0','0','0'],['0','6','36','101','208'],['0','0','0','0','0'],['0','0','0','0'],['0','0','0','0'],['0','0','0','0'],['0','0','0','0'],['0','0','0','0']
MAR_MA000_B01,5,0,['0','0','0','0','0'],['0','6','33','93','192'],['0','0','0','0','0'],['0','0','0','0'],['0','0','0','0'],['0','0','0','0'],['0','0','0','0'],['0','0','0','0']
MAR_MA000_B04,5,0,['0','0','0','0','0'],['0','5','31','85','176'],['0','0','0','0','0'],['0','0','0','0'],['0','0','0','0'],['0','0','0','0'],['0','0','0','0'],['0','0','0','0']
MAR_MA000_B07,5,0,['0','0','0','0','0'],['0','5','28','77','160'],['0','0','0','0','0'],['0','0','0','0'],['0','0','0','0'],['0','0','0','0'],['0','0','0','0'],['0','0','0','0']
MAR_MA000_A04,5,0,['0','0','0','0','0'],['0','7','39','109','224'],['0','0','0','0','0'],['0','0','0','0'],['0','0','0','0'],['0','0','0','0'],['0','0','0','0'],['0','0','0','0']
MAR_MA000_A06,5,0,['0','0','0','0','0'],['0','6','36','101','208'],['0','0','0','0','0'],['0','0','0','0'],['0','0','0','0'],['0','0','0','0'],['0','0','0','0'],['0','0','0','0']
MAR_MA000_A09,5,0,['0','0','0','0','0'],['0','6','33','93','192'],['0','0','0','0','0'],['0','0','0','0'],['0','0','0','0'],['0','0','0','0'],['0','0','0','0'],['0','0','0','0']
MAR_MA000_B02,5,0,['0','0','0','0','0'],['0','5','31','85','176'],['0','0','0','0','0'],['0','0','0','0'],['0','0','0','0'],['0','0','0','0'],['0','0','0','0'],['0','0','0','0']
MAR_MA000_B09,5,0,['0','0','0','0','0'],['0','5','28','77','160'],['0','0','0','0','0'],['0','0','0','0'],['0','0','0','0'],['0','0','0','0'],['0','0','0','0'],['0','0','0','0']
MCH_M901_A01a,5,0,['0','0','0','0','0'],['0','6','36','101','208'],['0','0','0','0','0'],['0','0','0','0'],['0','0','0','0'],['0','0','0','0'],['0','0','0','0'],['0','0','0','0']
MCH_M905_B01a,5,0,['0','0','0','0','0'],['0','5','28','77','160'],['0','0','0','0','0'],['0','0','0','0'],['0','0','0','0'],['0','0','0','0'],['0','0','0','0'],['0','0','0','0']
MCH_M90X_A01a,5,0,['0','0','0','0','0'],['0','7','42','116','240'],['0','0','0','0','0'],['0','0','0','0'],['0','0','0','0'],['0','0','0','0'],['0','0','0','0'],['0','0','0','0']
MCH_M90X_A01a_A,5,0,['0','0','0','0','0'],['0','7','39','109','224'],['0','0','0','0','0'],['0','0','0','0'],['0','0','0','0'],['0','0','0','0'],['0','0','0','0'],['0','0','0','0']
MCH_M90X_A01a_B,5,0,['0','0','0','0','0'],['0','7','42','116','240'],['0','0','0','0','0'],['0','0','0','0'],['0','0','0','0'],['0','0','0','0'],['0','0','0','0'],['0','0','0','0']
MCH_M90X_A02a,5,0,['0','0','0','0','0'],['0','7','39','109','224'],['0','0','0','0','0'],['0','0','0','0'],['0','0','0','0'],['0','0','0','0'],['0','0','0','0'],['0','0','0','0']
MCH_M90X_A02a_A,5,0,['0','0','0','0','0'],['0','7','39','109','224'],['0','0','0','0','0'],['0','0','0','0'],['0','0','0','0'],['0','0','0','0'],['0','0','0','0'],['0','0','0','0']
MCH_M90X_A03a,5,0,['0','0','0','0','0'],['0','7','39','109','224'],['0','0','0','0','0'],['0','0','0','0'],['0','0','0','0'],['0','0','0','0'],['0','0','0','0'],['0','0','0','0']
MCH_M90X_A03a_A,5,0,['0','0','0','0','0'],['0','7','39','109','224'],['0','0','0','0','0'],['0','0','0','0'],['0','0','0','0'],['0','0','0','0'],['0','0','0','0'],['0','0','0','0']
MCH_M90X_A03a_B,5,0,['0','0','0','0','0'],['0','7','42','116','240'],['0','0','0','0','0'],['0','0','0','0'],['0','0','0','0'],['0','0','0','0'],['0','0','0','0'],['0','0','0','0']
MCH_M90X_A04a,1,0,['0','0','0','0','0'],['0','6','18','101','208'],['0','0','0','0','0'],['0','0','0','0'],['0','0','0','0'],['0','0','0','0'],['0','0','0','0'],['0','0','0','0']
MCH_M90X_A04a_B,1,0,['0','0','0','0','0'],['0','7','21','116','240'],['0','0','0','0','0'],['0','0','0','0'],['0','0','0','0'],['0','0','0','0'],['0','0','0','0'],['0','0','0','0']
MCH_M90X_A05a,5,0,['0','0','0','0','0'],['0','6','36','101','208'],['0','0','0','0','0'],['0','0','0','0'],['0','0','0','0'],['0','0','0','0'],['0','0','0','0'],['0','0','0','0']
MCH_M90X_A05a_A,5,0,['0','0','0','0','0'],['0','6','36','101','208'],['0','0','0','0','0'],['0','0','0','0'],['0','0','0','0'],['0','0','0','0'],['0','0','0','0'],['0','0','0','0']
MCH_M90X_A06a,3,0,['0','1','1','0','0'],['0','3','36','999','999'],['0','0','0','0','0'],['0','0','0','0'],['0','0','0','0'],['0','0','0','0'],['0','0','0','0'],['0','0','0','0']
MCH_M90X_B01a,5,0,['0','0','0','0','0'],['0','6','33','93','192'],['0','0','0','0','0'],['0','0','0','0'],['0','0','0','0'],['0','0','0','0'],['0','0','0','0'],['0','0','0','0']
MCH_M90X_B01a_A,5,0,['0','0','0','0','0'],['0','6','36','101','208'],['0','0','0','0','0'],['0','0','0','0'],['0','0','0','0'],['0','0','0','0'],['0','0','0','0'],['0','0','0','0']
MCH_M90X_B02a,5,0,['0','0','0','0','0'],['0','6','33','93','192'],['0','0','0','0','0'],['0','0','0','0'],['0','0','0','0'],['0','0','0','0'],['0','0','0','0'],['0','0','0','0']
MCH_M90X_B02a_A,5,0,['0','0','0','0','0'],['0','5','31','85','176'],['0','0','0','0','0'],['0','0','0','0'],['0','0','0','0'],['0','0','0','0'],['0','0','0','0'],['0','0','0','0']
MCH_M90X_B03a,5,0,['0','0','0','0','0'],['0','5','31','85','176'],['0','0','0','0','0'],['0','0','0','0'],['0','0','0','0'],['0','0','0','0'],['0','0','0','0'],['0','0','0','0']
MCH_M90X_B03a_A,5,0,['0','0','0','0','0'],['0','6','33','93','192'],['0','0','0','0','0'],['0','0','0','0'],['0','0','0','0'],['0','0','0','0'],['0','0','0','0'],['0','0','0','0']
MCH_M90X_B04a,5,0,['0','0','0','0','0'],['0','5','31','85','176'],['0','0','0','0','0'],['0','0','0','0'],['0','0','0','0'],['0','0','0','0'],['0','0','0','0'],['0','0','0','0']
MCH_M90X_B05a,5,0,['0','0','0','0','0'],['0','5','28','77','160'],['0','0','0','0','0'],['0','0','0','0'],['0','0','0','0'],['0','0','0','0'],['0','0','0','0'],['0','0','0','0']
MCH_M90X_B06a,5,0,['0','0','0','0','0'],['0','5','28','77','160'],['0','0','0','0','0'],['0','0','0','0'],['0','0','0','0'],['0','0','0','0'],['0','0','0','0'],['0','0','0','0']
MCH_Diva,5,0,['0','0','0','0','0'],['0','4','25','70','144'],['0','0','0','0','0'],['0','0','0','0'],['0','0','0','0'],['0','0','0','0'],['0','0','0','0'],['0','0','0','0']
MCH_M903_B01a,5,0,['0','0','0','0','0'],['0','6','36','101','208'],['0','0','0','0','0'],['0','0','0','0'],['0','0','0','0'],['0','0','0','0'],['0','0','0','0'],['0','0','0','0']
MCH_M904_B01a,5,0,['0','0','0','0','0'],['0','6','33','93','192'],['0','0','0','0','0'],['0','0','0','0'],['0','0','0','0'],['0','0','0','0'],['0','0','0','0'],['0','0','0','0']
MCH_M902_B01a,5,0,['0','0','0','0','0'],['0','5','31','85','176'],['0','0','0','0','0'],['0','0','0','0'],['0','0','0','0'],['0','0','0','0'],['0','0','0','0'],['0','0','0','0']
MCH_M90Y_A01a,5,0,['0','0','0','0','0'],['0','7','42','116','240'],['0','0','0','0','0'],['0','0','0','0'],['0','0','0','0'],['0','0','0','0'],['0','0','0','0'],['0','0','0','0']
MCH_M90Y_A01a_A,5,0,['0','0','0','0','0'],['0','7','39','109','224'],['0','0','0','0','0'],['0','0','0','0'],['0','0','0','0'],['0','0','0','0'],['0','0','0','0'],['0','0','0','0']
MCH_M90Y_A01a_B,5,0,['0','0','0','0','0'],['0','7','42','116','240'],['0','0','0','0','0'],['0','0','0','0'],['0','0','0','0'],['0','0','0','0'],['0','0','0','0'],['0','0','0','0']
MCH_M90Y_A02a,5,0,['0','0','0','0','0'],['0','7','42','116','240'],['0','0','0','0','0'],['0','0','0','0'],['0','0','0','0'],['0','0','0','0'],['0','0','0','0'],['0','0','0','0']
MCH_M90Y_A02a_A,5,0,['0','0','0','0','0'],['0','7','39','109','224'],['0','0','0','0','0'],['0','0','0','0'],['0','0','0','0'],['0','0','0','0'],['0','0','0','0'],['0','0','0','0']
MCH_M90Y_A03a,5,0,['0','0','0','0','0'],['0','7','39','109','224'],['0','0','0','0','0'],['0','0','0','0'],['0','0','0','0'],['0','0','0','0'],['0','0','0','0'],['0','0','0','0']
MCH_M90Y_A04a,5,0,['0','0','0','0','0'],['0','6','36','101','208'],['0','0','0','0','0'],['0','0','0','0'],['0','0','0','0'],['0','0','0','0'],['0','0','0','0'],['0','0','0','0']
MCH_M90Y_A05a,5,0,['0','0','0','0','0'],['0','7','39','109','224'],['0','0','0','0','0'],['0','0','0','0'],['0','0','0','0'],['0','0','0','0'],['0','0','0','0'],['0','0','0','0']
MCH_M90Y_A06a,5,0,['0','0','0','0','0'],['0','6','36','101','208'],['0','0','0','0','0'],['0','0','0','0'],['0','0','0','0'],['0','0','0','0'],['0','0','0','0'],['0','0','0','0']
MCH_M90Y_A07a,5,0,['0','0','0','0','0'],['0','6','36','101','208'],['0','0','0','0','0'],['0','0','0','0'],['0','0','0','0'],['0','0','0','0'],['0','0','0','0'],['0','0','0','0']
MCH_M90Y_A08a,5,0,['0','0','0','0','0'],['0','6','33','93','192'],['0','0','0','0','0'],['0','0','0','0'],['0','0','0','0'],['0','0','0','0'],['0','0','0','0'],['0','0','0','0']
MCH_M90Y_A08a_A,5,0,['0','0','0','0','0'],['0','7','39','109','224'],['0','0','0','0','0'],['0','0','0','0'],['0','0','0','0'],['0','0','0','0'],['0','0','0','0'],['0','0','0','0']
MCH_M90Y_A09a,5,0,['0','0','0','0','0'],['0','5','31','85','176'],['0','0','0','0','0'],['0','0','0','0'],['0','0','0','0'],['0','0','0','0'],['0','0','0','0'],['0','0','0','0']
MCH_M90Y_B01a,5,0,['0','0','0','0','0'],['0','5','31','85','176'],['0','0','0','0','0'],['0','0','0','0'],['0','0','0','0'],['0','0','0','0'],['0','0','0','0'],['0','0','0','0']
MCH_M90Y_B02a,5,0,['0','0','0','0','0'],['0','6','33','93','192'],['0','0','0','0','0'],['0','0','0','0'],['0','0','0','0'],['0','0','0','0'],['0','0','0','0'],['0','0','0','0']
MCH_M90Y_B03a,5,0,['0','0','0','0','0'],['0','6','33','93','192'],['0','0','0','0','0'],['0','0','0','0'],['0','0','0','0'],['0','0','0','0'],['0','0','0','0'],['0','0','0','0']
MCH_M90Y_B04a,5,0,['0','0','0','0','0'],['0','5','28','77','160'],['0','0','0','0','0'],['0','0','0','0'],['0','0','0','0'],['0','0','0','0'],['0','0','0','0'],['0','0','0','0']
MCH_M90Y_B05a,5,0,['0','0','0','0','0'],['0','5','31','85','176'],['0','0','0','0','0'],['0','0','0','0'],['0','0','0','0'],['0','0','0','0'],['0','0','0','0'],['0','0','0','0']
MCH_M90Y_B06a,5,0,['0','0','0','0','0'],['0','4','25','70','144'],['0','0','0','0','0'],['0','0','0','0'],['0','0','0','0'],['0','0','0','0'],['0','0','0','0'],['0','0','0','0']
MCH_M90Z_A01a,1,0,['0','1','1','0','0'],['0','3','21','999','999'],['0','0','0','0','0'],['0','0','0','0'],['0','0','0','0'],['0','0','0','0'],['0','0','0','0'],['0','0','0','0']
MCH_M90Z_A01a_2,1,0,['0','1','1','0','0'],['0','3','19','999','999'],['0','0','0','0','0'],['0','0','0','0'],['0','0','0','0'],['0','0','0','0'],['0','0','0','0'],['0','0','0','0']
MCH_M90Z_A02a,1,0,['0','1','1','0','0'],['0','3','21','999','999'],['0','0','0','0','0'],['0','0','0','0'],['0','0','0','0'],['0','0','0','0'],['0','0','0','0'],['0','0','0','0']
MCH_M90Z_A02a_2,1,0,['0','1','1','0','0'],['0','3','19','999','999'],['0','0','0','0','0'],['0','0','0','0'],['0','0','0','0'],['0','0','0','0'],['0','0','0','0'],['0','0','0','0']
MCH_M90Z_A03a,1,0,['0','1','1','0','0'],['0','3','21','999','999'],['0','0','0','0','0'],['0','0','0','0'],['0','0','0','0'],['0','0','0','0'],['0','0','0','0'],['0','0','0','0']
MCH_M90Z_A03a_2,1,0,['0','1','1','0','0'],['0','3','19','999','999'],['0','0','0','0','0'],['0','0','0','0'],['0','0','0','0'],['0','0','0','0'],['0','0','0','0'],['0','0','0','0']
MCH_M90Z_A04a,1,0,['0','1','1','0','0'],['0','3','21','999','999'],['0','0','0','0','0'],['0','0','0','0'],['0','0','0','0'],['0','0','0','0'],['0','0','0','0'],['0','0','0','0']
MCH_M90Z_A04a_2,1,0,['0','1','1','0','0'],['0','3','19','999','999'],['0','0','0','0','0'],['0','0','0','0'],['0','0','0','0'],['0','0','0','0'],['0','0','0','0'],['0','0','0','0']
MCH_M90Z_A05a,1,0,['0','1','1','0','0'],['0','3','19','999','999'],['0','0','0','0','0'],['0','0','0','0'],['0','0','0','0'],['0','0','0','0'],['0','0','0','0'],['0','0','0','0']
MCH_M90Z_A05a_2,1,0,['0','1','1','0','0'],['0','3','21','999','999'],['0','0','0','0','0'],['0','0','0','0'],['0','0','0','0'],['0','0','0','0'],['0','0','0','0'],['0','0','0','0']
MCH_M90Z_A06a,1,0,['0','1','1','0','0'],['0','3','19','999','999'],['0','0','0','0','0'],['0','0','0','0'],['0','0','0','0'],['0','0','0','0'],['0','0','0','0'],['0','0','0','0']
MCH_M90Z_A06a_2,1,0,['0','1','1','0','0'],['0','3','21','999','999'],['0','0','0','0','0'],['0','0','0','0'],['0','0','0','0'],['0','0','0','0'],['0','0','0','0'],['0','0','0','0']
MCH_M90Z_B01a,1,0,['0','1','1','0','0'],['0','3','21','999','999'],['0','0','0','0','0'],['0','0','0','0'],['0','0','0','0'],['0','0','0','0'],['0','0','0','0'],['0','0','0','0']
MCH_M90Z_B01a_2,1,0,['0','1','1','0','0'],['0','3','19','999','999'],['0','0','0','0','0'],['0','0','0','0'],['0','0','0','0'],['0','0','0','0'],['0','0','0','0'],['0','0','0','0']
MCH_M90Z_B02a,1,0,['0','1','1','0','0'],['0','2','15','999','999'],['0','0','0','0','0'],['0','0','0','0'],['0','0','0','0'],['0','0','0','0'],['0','0','0','0'],['0','0','0','0']
MCH_M90Z_B02a_2,1,0,['0','1','1','0','0'],['0','3','18','999','999'],['0','0','0','0','0'],['0','0','0','0'],['0','0','0','0'],['0','0','0','0'],['0','0','0','0'],['0','0','0','0']
MCH_M90Z_B03a,1,0,['0','1','1','0','0'],['0','3','21','999','999'],['0','0','0','0','0'],['0','0','0','0'],['0','0','0','0'],['0','0','0','0'],['0','0','0','0'],['0','0','0','0']
MCH_M90Z_B03a_2,1,0,['0','1','1','0','0'],['0','3','19','999','999'],['0','0','0','0','0'],['0','0','0','0'],['0','0','0','0'],['0','0','0','0'],['0','0','0','0'],['0','0','0','0']
MON_M054_A01a,5,0,['0','0','0','0','0'],['0','7','42','116','240'],['0','0','0','0','0'],['0','0','0','0'],['0','0','0','0'],['0','0','0','0'],['0','0','0','0'],['0','0','0','0']
MON_M001X_A01a,5,0,['0','0','0','0','0'],['0','7','42','116','240'],['0','0','0','0','0'],['0','0','0','0'],['0','0','0','0'],['0','0','0','0'],['0','0','0','0'],['0','0','0','0']
MON_M003_A01a,5,0,['0','0','0','0','0'],['0','7','42','116','240'],['0','0','0','0','0'],['0','0','0','0'],['0','0','0','0'],['0','0','0','0'],['0','0','0','0'],['0','0','0','0']
MON_M110_A01a,5,0,['0','0','0','0','0'],['0','7','42','116','240'],['0','0','0','0','0'],['0','0','0','0'],['0','0','0','0'],['0','0','0','0'],['0','0','0','0'],['0','0','0','0']
MON_M072X_A01a,5,0,['0','0','0','0','0'],['0','7','42','116','240'],['0','0','0','0','0'],['0','0','0','0'],['0','0','0','0'],['0','0','0','0'],['0','0','0','0'],['0','0','0','0']
MON_M000_A02a,5,0,['0','0','0','0','0'],['0','7','42','116','240'],['0','0','0','0','0'],['0','0','0','0'],['0','0','0','0'],['0','0','0','0'],['0','0','0','0'],['0','0','0','0']
MON_M000_A01a,5,0,['0','0','0','0','0'],['0','6','36','101','208'],['0','0','0','0','0'],['0','0','0','0'],['0','0','0','0'],['0','0','0','0'],['0','0','0','0'],['0','0','0','0']
MON_M000_A03a,5,0,['0','0','0','0','0'],['0','6','36','101','208'],['0','0','0','0','0'],['0','0','0','0'],['0','0','0','0'],['0','0','0','0'],['0','0','0','0'],['0','0','0','0']
MON_M000_A04a,5,0,['0','0','0','0','0'],['0','6','36','101','208'],['0','0','0','0','0'],['0','0','0','0'],['0','0','0','0'],['0','0','0','0'],['0','0','0','0'],['0','0','0','0']
MON_M000_A05a,5,0,['0','0','0','0','0'],['0','6','36','101','208'],['0','0','0','0','0'],['0','0','0','0'],['0','0','0','0'],['0','0','0','0'],['0','0','0','0'],['0','0','0','0']
MON_M001_A02a,5,0,['0','0','0','0','0'],['0','7','39','109','224'],['0','0','0','0','0'],['0','0','0','0'],['0','0','0','0'],['0','0','0','0'],['0','0','0','0'],['0','0','0','0']
MON_M001_A04a,5,0,['0','0','0','0','0'],['0','6','33','93','192'],['0','0','0','0','0'],['0','0','0','0'],['0','0','0','0'],['0','0','0','0'],['0','0','0','0'],['0','0','0','0']
MON_M002_A01a,5,0,['0','0','0','0','0'],['0','7','42','116','240'],['0','0','0','0','0'],['0','0','0','0'],['0','0','0','0'],['0','0','0','0'],['0','0','0','0'],['0','0','0','0']
MON_M002_A02a,5,0,['0','0','0','0','0'],['0','7','39','109','224'],['0','0','0','0','0'],['0','0','0','0'],['0','0','0','0'],['0','0','0','0'],['0','0','0','0'],['0','0','0','0']
MON_M002_A05a,5,0,['0','0','0','0','0'],['0','6','33','93','192'],['0','0','0','0','0'],['0','0','0','0'],['0','0','0','0'],['0','0','0','0'],['0','0','0','0'],['0','0','0','0']
MON_M002_A04a,5,0,['0','0','0','0','0'],['0','6','36','101','208'],['0','0','0','0','0'],['0','0','0','0'],['0','0','0','0'],['0','0','0','0'],['0','0','0','0'],['0','0','0','0']
MON_M002_A03a,5,0,['0','0','0','0','0'],['0','7','39','109','224'],['0','0','0','0','0'],['0','0','0','0'],['0','0','0','0'],['0','0','0','0'],['0','0','0','0'],['0','0','0','0']
MON_M002_A03a_A,5,0,['0','0','0','0','0'],['0','7','39','109','224'],['0','0','0','0','0'],['0','0','0','0'],['0','0','0','0'],['0','0','0','0'],['0','0','0','0'],['0','0','0','0']
MON_M002_A03a_B,5,0,['0','0','0','0','0'],['0','7','39','109','224'],['0','0','0','0','0'],['0','0','0','0'],['0','0','0','0'],['0','0','0','0'],['0','0','0','0'],['0','0','0','0']
MON_M010_A01a,5,0,['0','0','0','0','0'],['0','7','39','109','224'],['0','0','0','0','0'],['0','0','0','0'],['0','0','0','0'],['0','0','0','0'],['0','0','0','0'],['0','0','0','0']
MON_M010_A02a,5,0,['0','0','0','0','0'],['0','6','36','101','208'],['0','0','0','0','0'],['0','0','0','0'],['0','0','0','0'],['0','0','0','0'],['0','0','0','0'],['0','0','0','0']
MON_M010_B02a,5,0,['0','0','0','0','0'],['0','6','33','93','192'],['0','0','0','0','0'],['0','0','0','0'],['0','0','0','0'],['0','0','0','0'],['0','0','0','0'],['0','0','0','0']
MON_M010_A04a,5,0,['0','0','0','0','0'],['0','6','36','101','208'],['0','0','0','0','0'],['0','0','0','0'],['0','0','0','0'],['0','0','0','0'],['0','0','0','0'],['0','0','0','0']
MON_M011_A01a,5,0,['0','0','0','0','0'],['0','5','31','85','176'],['0','0','0','0','0'],['0','0','0','0'],['0','0','0','0'],['0','0','0','0'],['0','0','0','0'],['0','0','0','0']
MON_M011_B02a,5,0,['0','0','0','0','0'],['0','4','25','70','144'],['0','0','0','0','0'],['0','0','0','0'],['0','0','0','0'],['0','0','0','0'],['0','0','0','0'],['0','0','0','0']
MON_M012_A03a,5,0,['0','0','0','0','0'],['0','6','36','101','208'],['0','0','0','0','0'],['0','0','0','0'],['0','0','0','0'],['0','0','0','0'],['0','0','0','0'],['0','0','0','0']
MON_M012_A04a,5,0,['0','0','0','0','0'],['0','6','36','101','208'],['0','0','0','0','0'],['0','0','0','0'],['0','0','0','0'],['0','0','0','0'],['0','0','0','0'],['0','0','0','0']
MON_M021_A01a,5,0,['0','0','0','0','0'],['0','6','36','101','208'],['0','0','0','0','0'],['0','0','0','0'],['0','0','0','0'],['0','0','0','0'],['0','0','0','0'],['0','0','0','0']
MON_M021_A02a,5,0,['0','0','0','0','0'],['0','6','33','93','192'],['0','0','0','0','0'],['0','0','0','0'],['0','0','0','0'],['0','0','0','0'],['0','0','0','0'],['0','0','0','0']
MON_M021_A03a,5,0,['0','0','0','0','0'],['0','5','31','85','176'],['0','0','0','0','0'],['0','0','0','0'],['0','0','0','0'],['0','0','0','0'],['0','0','0','0'],['0','0','0','0']
MON_M021_A04a,5,0,['0','0','0','0','0'],['0','5','31','85','176'],['0','0','0','0','0'],['0','0','0','0'],['0','0','0','0'],['0','0','0','0'],['0','0','0','0'],['0','0','0','0']
MON_M021_A05a,5,0,['0','0','0','0','0'],['0','5','28','77','160'],['0','0','0','0','0'],['0','0','0','0'],['0','0','0','0'],['0','0','0','0'],['0','0','0','0'],['0','0','0','0']
MON_M022_A02a,5,0,['0','0','0','0','0'],['0','6','36','101','208'],['0','0','0','0','0'],['0','0','0','0'],['0','0','0','0'],['0','0','0','0'],['0','0','0','0'],['0','0','0','0']
MON_M022_A03a,5,0,['0','0','0','0','0'],['0','6','33','93','192'],['0','0','0','0','0'],['0','0','0','0'],['0','0','0','0'],['0','0','0','0'],['0','0','0','0'],['0','0','0','0']
MON_M023_A01a,5,0,['0','0','0','0','0'],['0','7','42','116','240'],['0','0','0','0','0'],['0','0','0','0'],['0','0','0','0'],['0','0','0','0'],['0','0','0','0'],['0','0','0','0']
MON_M023_A03a,5,0,['0','0','0','0','0'],['0','6','33','93','192'],['0','0','0','0','0'],['0','0','0','0'],['0','0','0','0'],['0','0','0','0'],['0','0','0','0'],['0','0','0','0']
MON_M030_A01a,5,0,['0','0','0','0','0'],['0','7','42','116','240'],['0','0','0','0','0'],['0','0','0','0'],['0','0','0','0'],['0','0','0','0'],['0','0','0','0'],['0','0','0','0']
MON_M030_A04a,5,0,['0','0','0','0','0'],['0','6','36','101','208'],['0','0','0','0','0'],['0','0','0','0'],['0','0','0','0'],['0','0','0','0'],['0','0','0','0'],['0','0','0','0']
MON_M030_A02a,5,0,['0','0','0','0','0'],['0','6','36','101','208'],['0','0','0','0','0'],['0','0','0','0'],['0','0','0','0'],['0','0','0','0'],['0','0','0','0'],['0','0','0','0']
MON_M031_A01a,5,0,['0','0','0','0','0'],['0','7','39','109','224'],['0','0','0','0','0'],['0','0','0','0'],['0','0','0','0'],['0','0','0','0'],['0','0','0','0'],['0','0','0','0']
MON_M031_A01a_A,5,0,['0','0','0','0','0'],['0','6','36','101','208'],['0','0','0','0','0'],['0','0','0','0'],['0','0','0','0'],['0','0','0','0'],['0','0','0','0'],['0','0','0','0']
MON_M031_A04a,5,0,['0','0','0','0','0'],['0','6','36','101','208'],['0','0','0','0','0'],['0','0','0','0'],['0','0','0','0'],['0','0','0','0'],['0','0','0','0'],['0','0','0','0']
MON_M031_B01a,1,0,['0','0','0','0','0'],['0','7','19','109','224'],['0','0','0','0','0'],['0','0','0','0'],['0','0','0','0'],['0','0','0','0'],['0','0','0','0'],['0','0','0','0']
MON_M032_A01a,5,0,['0','0','0','0','0'],['0','6','36','101','208'],['0','0','0','0','0'],['0','0','0','0'],['0','0','0','0'],['0','0','0','0'],['0','0','0','0'],['0','0','0','0']
MON_M032_A01a_A,5,0,['0','0','0','0','0'],['0','6','36','101','208'],['0','0','0','0','0'],['0','0','0','0'],['0','0','0','0'],['0','0','0','0'],['0','0','0','0'],['0','0','0','0']
MON_M032_A02a,5,0,['0','0','0','0','0'],['0','5','31','85','176'],['0','0','0','0','0'],['0','0','0','0'],['0','0','0','0'],['0','0','0','0'],['0','0','0','0'],['0','0','0','0']
MON_M032_B01a,5,0,['0','0','0','0','0'],['0','5','28','77','160'],['0','0','0','0','0'],['0','0','0','0'],['0','0','0','0'],['0','0','0','0'],['0','0','0','0'],['0','0','0','0']
MON_M032_B02a,5,0,['0','0','0','0','0'],['0','4','25','70','144'],['0','0','0','0','0'],['0','0','0','0'],['0','0','0','0'],['0','0','0','0'],['0','0','0','0'],['0','0','0','0']
MON_M040_A01a,5,0,['0','0','0','0','0'],['0','7','42','116','240'],['0','0','0','0','0'],['0','0','0','0'],['0','0','0','0'],['0','0','0','0'],['0','0','0','0'],['0','0','0','0']
MON_M040_A03a,5,0,['0','0','0','0','0'],['0','6','33','93','192'],['0','0','0','0','0'],['0','0','0','0'],['0','0','0','0'],['0','0','0','0'],['0','0','0','0'],['0','0','0','0']
MON_M040_A04a,5,0,['0','0','0','0','0'],['0','6','36','101','208'],['0','0','0','0','0'],['0','0','0','0'],['0','0','0','0'],['0','0','0','0'],['0','0','0','0'],['0','0','0','0']
MON_M040_B02a,5,0,['0','0','0','0','0'],['0','5','28','77','160'],['0','0','0','0','0'],['0','0','0','0'],['0','0','0','0'],['0','0','0','0'],['0','0','0','0'],['0','0','0','0']
MON_M041_A02a,5,0,['0','0','0','0','0'],['0','6','33','93','192'],['0','0','0','0','0'],['0','0','0','0'],['0','0','0','0'],['0','0','0','0'],['0','0','0','0'],['0','0','0','0']
MON_M041_B01a,5,0,['0','0','0','0','0'],['0','6','33','93','192'],['0','0','0','0','0'],['0','0','0','0'],['0','0','0','0'],['0','0','0','0'],['0','0','0','0'],['0','0','0','0']
MON_M041_B01a_A,5,0,['0','0','0','0','0'],['0','6','36','101','208'],['0','0','0','0','0'],['0','0','0','0'],['0','0','0','0'],['0','0','0','0'],['0','0','0','0'],['0','0','0','0']
MON_M041_B03a,5,0,['0','0','0','0','0'],['0','5','28','77','160'],['0','0','0','0','0'],['0','0','0','0'],['0','0','0','0'],['0','0','0','0'],['0','0','0','0'],['0','0','0','0']
MON_M042_A02a,5,0,['0','0','0','0','0'],['0','6','36','101','208'],['0','0','0','0','0'],['0','0','0','0'],['0','0','0','0'],['0','0','0','0'],['0','0','0','0'],['0','0','0','0']
MON_M042_A03a,5,0,['0','0','0','0','0'],['0','5','31','85','176'],['0','0','0','0','0'],['0','0','0','0'],['0','0','0','0'],['0','0','0','0'],['0','0','0','0'],['0','0','0','0']
MON_M042_A01a,5,0,['0','0','0','0','0'],['0','6','33','93','192'],['0','0','0','0','0'],['0','0','0','0'],['0','0','0','0'],['0','0','0','0'],['0','0','0','0'],['0','0','0','0']
MON_M042_A04a,5,0,['0','0','0','0','0'],['0','5','31','85','176'],['0','0','0','0','0'],['0','0','0','0'],['0','0','0','0'],['0','0','0','0'],['0','0','0','0'],['0','0','0','0']
MON_M050_A06a,5,0,['0','0','0','0','0'],['0','6','36','101','208'],['0','0','0','0','0'],['0','0','0','0'],['0','0','0','0'],['0','0','0','0'],['0','0','0','0'],['0','0','0','0']
MON_M050_B02a,5,0,['0','0','0','0','0'],['0','5','28','77','160'],['0','0','0','0','0'],['0','0','0','0'],['0','0','0','0'],['0','0','0','0'],['0','0','0','0'],['0','0','0','0']
MON_M051_A01a,5,0,['0','0','0','0','0'],['0','6','36','101','208'],['0','0','0','0','0'],['0','0','0','0'],['0','0','0','0'],['0','0','0','0'],['0','0','0','0'],['0','0','0','0']
MON_M051_B01a,5,0,['0','0','0','0','0'],['0','5','31','85','176'],['0','0','0','0','0'],['0','0','0','0'],['0','0','0','0'],['0','0','0','0'],['0','0','0','0'],['0','0','0','0']
MON_M051_B02a,5,0,['0','0','0','0','0'],['0','5','28','77','160'],['0','0','0','0','0'],['0','0','0','0'],['0','0','0','0'],['0','0','0','0'],['0','0','0','0'],['0','0','0','0']
MON_M052_A01a,5,0,['0','0','0','0','0'],['0','6','36','101','208'],['0','0','0','0','0'],['0','0','0','0'],['0','0','0','0'],['0','0','0','0'],['0','0','0','0'],['0','0','0','0']
MON_M052_B02a,5,0,['0','0','0','0','0'],['0','4','25','70','144'],['0','0','0','0','0'],['0','0','0','0'],['0','0','0','0'],['0','0','0','0'],['0','0','0','0'],['0','0','0','0']
MON_M070_A01a,5,0,['0','0','0','0','0'],['0','7','42','116','240'],['0','0','0','0','0'],['0','0','0','0'],['0','0','0','0'],['0','0','0','0'],['0','0','0','0'],['0','0','0','0']
MON_M070_A02a,5,0,['0','0','0','0','0'],['0','6','36','101','208'],['0','0','0','0','0'],['0','0','0','0'],['0','0','0','0'],['0','0','0','0'],['0','0','0','0'],['0','0','0','0']
MON_M070_A03a,5,0,['0','0','0','0','0'],['0','5','31','85','176'],['0','0','0','0','0'],['0','0','0','0'],['0','0','0','0'],['0','0','0','0'],['0','0','0','0'],['0','0','0','0']
MON_M070_A04a,5,0,['0','0','0','0','0'],['0','6','33','93','192'],['0','0','0','0','0'],['0','0','0','0'],['0','0','0','0'],['0','0','0','0'],['0','0','0','0'],['0','0','0','0']
MON_M071_A02a,5,0,['0','0','0','0','0'],['0','6','36','101','208'],['0','0','0','0','0'],['0','0','0','0'],['0','0','0','0'],['0','0','0','0'],['0','0','0','0'],['0','0','0','0']
MON_M071_A03a,5,0,['0','0','0','0','0'],['0','6','33','93','192'],['0','0','0','0','0'],['0','0','0','0'],['0','0','0','0'],['0','0','0','0'],['0','0','0','0'],['0','0','0','0']
MON_M071_B01a,5,0,['0','0','0','0','0'],['0','5','31','85','176'],['0','0','0','0','0'],['0','0','0','0'],['0','0','0','0'],['0','0','0','0'],['0','0','0','0'],['0','0','0','0']
MON_M072_A01a,5,0,['0','0','0','0','0'],['0','7','39','109','224'],['0','0','0','0','0'],['0','0','0','0'],['0','0','0','0'],['0','0','0','0'],['0','0','0','0'],['0','0','0','0']
MON_M072_B03a,5,0,['0','0','0','0','0'],['0','6','33','93','192'],['0','0','0','0','0'],['0','0','0','0'],['0','0','0','0'],['0','0','0','0'],['0','0','0','0'],['0','0','0','0']
MON_M072_B03a_A,5,0,['0','0','0','0','0'],['0','6','36','101','208'],['0','0','0','0','0'],['0','0','0','0'],['0','0','0','0'],['0','0','0','0'],['0','0','0','0'],['0','0','0','0']
MON_M072_B01a,5,0,['0','0','0','0','0'],['0','5','31','85','176'],['0','0','0','0','0'],['0','0','0','0'],['0','0','0','0'],['0','0','0','0'],['0','0','0','0'],['0','0','0','0']
MON_M080_A01a,5,0,['0','0','0','0','0'],['0','7','42','116','240'],['0','0','0','0','0'],['0','0','0','0'],['0','0','0','0'],['0','0','0','0'],['0','0','0','0'],['0','0','0','0']
MON_M080_A05a,5,0,['0','0','0','0','0'],['0','6','36','101','208'],['0','0','0','0','0'],['0','0','0','0'],['0','0','0','0'],['0','0','0','0'],['0','0','0','0'],['0','0','0','0']
MON_M080_A04a,5,0,['0','0','0','0','0'],['0','6','33','93','192'],['0','0','0','0','0'],['0','0','0','0'],['0','0','0','0'],['0','0','0','0'],['0','0','0','0'],['0','0','0','0']
MON_M080_A03a,5,0,['0','0','0','0','0'],['0','5','31','85','176'],['0','0','0','0','0'],['0','0','0','0'],['0','0','0','0'],['0','0','0','0'],['0','0','0','0'],['0','0','0','0']
MON_M081_A01a,5,0,['0','0','0','0','0'],['0','7','42','116','240'],['0','0','0','0','0'],['0','0','0','0'],['0','0','0','0'],['0','0','0','0'],['0','0','0','0'],['0','0','0','0']
MON_M081_A01a_A,5,0,['0','0','0','0','0'],['0','7','42','116','240'],['0','0','0','0','0'],['0','0','0','0'],['0','0','0','0'],['0','0','0','0'],['0','0','0','0'],['0','0','0','0']
MON_M081_A05a,5,0,['0','0','0','0','0'],['0','7','39','109','224'],['0','0','0','0','0'],['0','0','0','0'],['0','0','0','0'],['0','0','0','0'],['0','0','0','0'],['0','0','0','0']
MON_M081_A05a_A,5,0,['0','0','0','0','0'],['0','7','42','116','240'],['0','0','0','0','0'],['0','0','0','0'],['0','0','0','0'],['0','0','0','0'],['0','0','0','0'],['0','0','0','0']
MON_M081_A03a,5,0,['0','0','0','0','0'],['0','6','33','93','192'],['0','0','0','0','0'],['0','0','0','0'],['0','0','0','0'],['0','0','0','0'],['0','0','0','0'],['0','0','0','0']
MON_M081_A03a_A,5,0,['0','0','0','0','0'],['0','6','36','101','208'],['0','0','0','0','0'],['0','0','0','0'],['0','0','0','0'],['0','0','0','0'],['0','0','0','0'],['0','0','0','0']
MON_M082_A03a,5,0,['0','0','0','0','0'],['0','7','39','109','224'],['0','0','0','0','0'],['0','0','0','0'],['0','0','0','0'],['0','0','0','0'],['0','0','0','0'],['0','0','0','0']
MON_M082_A02a,5,0,['0','0','0','0','0'],['0','7','42','116','240'],['0','0','0','0','0'],['0','0','0','0'],['0','0','0','0'],['0','0','0','0'],['0','0','0','0'],['0','0','0','0']
MON_M090_A04a,5,0,['0','0','0','0','0'],['0','6','36','101','208'],['0','0','0','0','0'],['0','0','0','0'],['0','0','0','0'],['0','0','0','0'],['0','0','0','0'],['0','0','0','0']
MON_M090_A01a,3,0,['0','1','1','0','0'],['0','3','18','999','999'],['0','0','0','0','0'],['0','0','0','0'],['0','0','0','0'],['0','0','0','0'],['0','0','0','0'],['0','0','0','0']
MON_M090_A02a,3,0,['0','1','1','0','0'],['0','3','18','999','999'],['0','0','0','0','0'],['0','0','0','0'],['0','0','0','0'],['0','0','0','0'],['0','0','0','0'],['0','0','0','0']
MON_M100_A01a,5,0,['0','0','0','0','0'],['0','6','36','101','208'],['0','0','0','0','0'],['0','0','0','0'],['0','0','0','0'],['0','0','0','0'],['0','0','0','0'],['0','0','0','0']
MON_M100_B01a,5,0,['0','0','0','0','0'],['0','6','33','93','192'],['0','0','0','0','0'],['0','0','0','0'],['0','0','0','0'],['0','0','0','0'],['0','0','0','0'],['0','0','0','0']
MON_M100_B01a_A,5,0,['0','0','0','0','0'],['0','7','39','109','224'],['0','0','0','0','0'],['0','0','0','0'],['0','0','0','0'],['0','0','0','0'],['0','0','0','0'],['0','0','0','0']
MON_M100_B02a,5,0,['0','0','0','0','0'],['0','5','28','77','160'],['0','0','0','0','0'],['0','0','0','0'],['0','0','0','0'],['0','0','0','0'],['0','0','0','0'],['0','0','0','0']
MON_M101_A01a,5,0,['0','0','0','0','0'],['0','7','39','109','224'],['0','0','0','0','0'],['0','0','0','0'],['0','0','0','0'],['0','0','0','0'],['0','0','0','0'],['0','0','0','0']
MON_M101_A04a,5,0,['0','0','0','0','0'],['0','6','33','93','192'],['0','0','0','0','0'],['0','0','0','0'],['0','0','0','0'],['0','0','0','0'],['0','0','0','0'],['0','0','0','0']
MON_M101_A02a,5,0,['0','0','0','0','0'],['0','6','33','93','192'],['0','0','0','0','0'],['0','0','0','0'],['0','0','0','0'],['0','0','0','0'],['0','0','0','0'],['0','0','0','0']
MON_M101_B01a,5,0,['0','0','0','0','0'],['0','6','33','93','192'],['0','0','0','0','0'],['0','0','0','0'],['0','0','0','0'],['0','0','0','0'],['0','0','0','0'],['0','0','0','0']
MON_M102_A03a,5,0,['0','0','0','0','0'],['0','7','42','116','240'],['0','0','0','0','0'],['0','0','0','0'],['0','0','0','0'],['0','0','0','0'],['0','0','0','0'],['0','0','0','0']
MON_M102_A08a,5,0,['0','0','0','0','0'],['0','6','36','101','208'],['0','0','0','0','0'],['0','0','0','0'],['0','0','0','0'],['0','0','0','0'],['0','0','0','0'],['0','0','0','0']
MON_M102_A04a,1,0,['0','0','0','0','0'],['0','6','18','101','208'],['0','0','0','0','0'],['0','0','0','0'],['0','0','0','0'],['0','0','0','0'],['0','0','0','0'],['0','0','0','0']
MON_M102_A06a,1,0,['0','0','0','0','0'],['0','6','16','93','192'],['0','0','0','0','0'],['0','0','0','0'],['0','0','0','0'],['0','0','0','0'],['0','0','0','0'],['0','0','0','0']
MON_M102_A01a,1,0,['0','0','0','0','0'],['0','7','19','109','224'],['0','0','0','0','0'],['0','0','0','0'],['0','0','0','0'],['0','0','0','0'],['0','0','0','0'],['0','0','0','0']
MON_M102_A07a,5,0,['0','0','0','0','0'],['0','6','36','101','208'],['0','0','0','0','0'],['0','0','0','0'],['0','0','0','0'],['0','0','0','0'],['0','0','0','0'],['0','0','0','0']
MAG_MG_A_01_Mo01,5,0,['0','0','0','0','0'],['0','4','14','39','80'],['0','0','0','0','0'],['0','0','0','0'],['0','0','0','0'],['0','0','0','0'],['0','0','0','0'],['0','0','0','0']
MAG_MG_A_02_Mo02,3,0,['0','1','1','0','0'],['0','1','6','-36','-36'],['0','0','1','0','0'],['0','0','0','0'],['0','0','0','0'],['0','0','0','0'],['0','0','0','0'],['0','0','0','0']
MAG_MG_A_03_Mo03,5,0,['0','0','0','0','0'],['0','3','13','36','74'],['0','0','0','0','0'],['0','0','0','0'],['0','0','0','0'],['0','0','0','0'],['0','0','0','0'],['0','0','0','0']
MAG_MG_A_04_Mo04,3,0,['0','1','1','0','0'],['0','1','6','-36','-36'],['0','0','1','0','0'],['0','0','0','0'],['0','0','0','0'],['0','0','0','0'],['0','0','0','0'],['0','0','0','0']
MAG_MG_A_05_Mo05,5,0,['0','0','0','0','0'],['0','3','12','33','69'],['0','0','0','0','0'],['0','0','0','0'],['0','0','0','0'],['0','0','0','0'],['0','0','0','0'],['0','0','0','0']
MAG_MG_B_01_Ka01,5,0,['0','0','0','0','0'],['0','4','14','39','80'],['0','0','0','0','0'],['0','0','0','0'],['0','0','0','0'],['0','0','0','0'],['0','0','0','0'],['0','0','0','0']
MAG_MG_B_02_Ka02,3,0,['0','1','1','0','0'],['0','1','6','-36','-36'],['0','0','1','0','0'],['0','0','0','0'],['0','0','0','0'],['0','0','0','0'],['0','0','0','0'],['0','0','0','0']
MAG_MG_B_03_Ka03,5,0,['0','0','0','0','0'],['0','3','12','33','69'],['0','0','0','0','0'],['0','0','0','0'],['0','0','0','0'],['0','0','0','0'],['0','0','0','0'],['0','0','0','0']
MAG_MG_B_04_Ka04,3,0,['0','1','1','0','0'],['0','1','6','-36','-36'],['0','0','1','0','0'],['0','0','0','0'],['0','0','0','0'],['0','0','0','0'],['0','0','0','0'],['0','0','0','0']
MAG_MG_B_05_Ka05,5,0,['0','0','0','0','0'],['0','3','12','33','69'],['0','0','0','0','0'],['0','0','0','0'],['0','0','0','0'],['0','0','0','0'],['0','0','0','0'],['0','0','0','0']
MAG_MG_C_01_Do01,5,0,['0','0','0','0','0'],['0','4','14','39','80'],['0','0','0','0','0'],['0','0','0','0'],['0','0','0','0'],['0','0','0','0'],['0','0','0','0'],['0','0','0','0']
MAG_MG_C_02_Do02,3,0,['0','1','1','0','0'],['0','3','6','36','74'],['0','0','1','0','0'],['0','0','0','0'],['0','0','0','0'],['0','0','0','0'],['0','0','0','0'],['0','0','0','0']
MAG_MG_C_03_Do03,5,0,['0','0','0','0','0'],['0','3','12','33','69'],['0','0','0','0','0'],['0','0','0','0'],['0','0','0','0'],['0','0','0','0'],['0','0','0','0'],['0','0','0','0']
MAG_MG_C_04_Do04,3,0,['0','1','1','0','0'],['0','1','6','-36','-36'],['0','0','1','0','0'],['0','0','0','0'],['0','0','0','0'],['0','0','0','0'],['0','0','0','0'],['0','0','0','0']
MAG_MG_C_05_Do05,5,0,['0','0','0','0','0'],['0','3','12','33','69'],['0','0','0','0','0'],['0','0','0','0'],['0','0','0','0'],['0','0','0','0'],['0','0','0','0'],['0','0','0','0']
MAG_MG_D_01_Ki01,5,0,['0','0','0','0','0'],['0','4','14','39','80'],['0','0','0','0','0'],['0','0','0','0'],['0','0','0','0'],['0','0','0','0'],['0','0','0','0'],['0','0','0','0']
MAG_MG_D_02_Ki02,3,0,['0','1','1','0','0'],['0','1','6','-36','-36'],['0','0','1','0','0'],['0','0','0','0'],['0','0','0','0'],['0','0','0','0'],['0','0','0','0'],['0','0','0','0']
MAG_MG_D_03_Ki03,5,0,['0','0','0','0','0'],['0','3','12','33','69'],['0','0','0','0','0'],['0','0','0','0'],['0','0','0','0'],['0','0','0','0'],['0','0','0','0'],['0','0','0','0']
MAG_MG_D_04_Ki04,3,0,['0','1','1','0','0'],['0','1','6','-36','-36'],['0','0','1','0','0'],['0','0','0','0'],['0','0','0','0'],['0','0','0','0'],['0','0','0','0'],['0','0','0','0']
MAG_MG_D_05_Ki05,5,0,['0','0','0','0','0'],['0','3','11','30','63'],['0','0','0','0','0'],['0','0','0','0'],['0','0','0','0'],['0','0','0','0'],['0','0','0','0'],['0','0','0','0']
MAG_MG_E_01_Su01,5,0,['0','0','0','0','0'],['0','4','14','39','80'],['0','0','0','0','0'],['0','0','0','0'],['0','0','0','0'],['0','0','0','0'],['0','0','0','0'],['0','0','0','0']
MAG_MG_E_02_Su02,3,0,['0','1','1','0','0'],['0','1','6','-36','-36'],['0','0','1','0','0'],['0','0','0','0'],['0','0','0','0'],['0','0','0','0'],['0','0','0','0'],['0','0','0','0']
MAG_MG_E_03_Su03,5,0,['0','0','0','0','0'],['0','3','13','36','74'],['0','0','0','0','0'],['0','0','0','0'],['0','0','0','0'],['0','0','0','0'],['0','0','0','0'],['0','0','0','0']
MAG_MG_E_04_Su04,3,0,['0','1','0','0','0'],['0','1','6','-36','-36'],['0','0','1','0','0'],['0','0','0','0'],['0','0','0','0'],['0','0','0','0'],['0','0','0','0'],['0','0','0','0']
MAG_MG_E_05_Su05,5,0,['0','0','0','0','0'],['0','3','11','30','63'],['0','0','0','0','0'],['0','0','0','0'],['0','0','0','0'],['0','0','0','0'],['0','0','0','0'],['0','0','0','0']
OHS_WL000_A01_EX1,5,0,['0','0','0','0','0'],['0','7','39','109','224'],['0','0','0','0','0'],['0','0','0','0'],['0','0','0','0'],['0','0','0','0'],['0','0','0','0'],['0','0','0','0']
OHS_WL000_A01_EX2,5,0,['0','0','0','0','0'],['0','7','42','116','240'],['0','0','0','0','0'],['0','0','0','0'],['0','0','0','0'],['0','0','0','0'],['0','0','0','0'],['0','0','0','0']
OHS_WL000_A02_EX1,5,0,['0','0','0','0','0'],['0','7','42','116','240'],['0','0','0','0','0'],['0','0','0','0'],['0','0','0','0'],['0','0','0','0'],['0','0','0','0'],['0','0','0','0']
OHS_WL000_A04_EX1,5,0,['0','0','0','0','0'],['0','7','39','109','224'],['0','0','0','0','0'],['0','0','0','0'],['0','0','0','0'],['0','0','0','0'],['0','0','0','0'],['0','0','0','0']
OHS_WL000_B01_EX1,5,0,['0','0','0','0','0'],['0','6','36','101','208'],['0','0','0','0','0'],['0','0','0','0'],['0','0','0','0'],['0','0','0','0'],['0','0','0','0'],['0','0','0','0']
OHS_WLLSW_B01_EX1,5,0,['0','0','0','0','0'],['0','6','36','101','208'],['0','0','0','0','0'],['0','0','0','0'],['0','0','0','0'],['0','0','0','0'],['0','0','0','0'],['0','0','0','0']
OHS_WLLSW_B02_EX1,5,0,['0','0','0','0','0'],['0','6','33','93','192'],['0','0','0','0','0'],['0','0','0','0'],['0','0','0','0'],['0','0','0','0'],['0','0','0','0'],['0','0','0','0']
OHS_WLLSW_B03_EX1,5,0,['0','0','0','0','0'],['0','6','36','101','208'],['0','0','0','0','0'],['0','0','0','0'],['0','0','0','0'],['0','0','0','0'],['0','0','0','0'],['0','0','0','0']
OHS_WLLSW_B04_EX1,5,0,['0','0','0','0','0'],['0','5','28','77','160'],['0','0','0','0','0'],['0','0','0','0'],['0','0','0','0'],['0','0','0','0'],['0','0','0','0'],['0','0','0','0']
OHS_WLRAP_A01_EX1,5,0,['0','0','0','0','0'],['0','7','39','109','224'],['0','0','0','0','0'],['0','0','0','0'],['0','0','0','0'],['0','0','0','0'],['0','0','0','0'],['0','0','0','0']
OHS_WLRAP_A02_EX1,5,0,['0','0','0','0','0'],['0','6','36','101','208'],['0','0','0','0','0'],['0','0','0','0'],['0','0','0','0'],['0','0','0','0'],['0','0','0','0'],['0','0','0','0']
OHS_WLRAP_B01_EX1,5,0,['0','0','0','0','0'],['0','6','36','101','208'],['0','0','0','0','0'],['0','0','0','0'],['0','0','0','0'],['0','0','0','0'],['0','0','0','0'],['0','0','0','0']
OHS_WLRAP_B02_EX1,5,0,['0','0','0','0','0'],['0','5','31','85','176'],['0','0','0','0','0'],['0','0','0','0'],['0','0','0','0'],['0','0','0','0'],['0','0','0','0'],['0','0','0','0']
OHS_WLDAG_A01_EX1,5,0,['0','0','0','0','0'],['0','6','36','101','208'],['0','0','0','0','0'],['0','0','0','0'],['0','0','0','0'],['0','0','0','0'],['0','0','0','0'],['0','0','0','0']
OHS_WLDAG_B01_EX1,5,0,['0','0','0','0','0'],['0','6','36','101','208'],['0','0','0','0','0'],['0','0','0','0'],['0','0','0','0'],['0','0','0','0'],['0','0','0','0'],['0','0','0','0']
OHS_WLDAG_B02_EX1,5,0,['0','0','0','0','0'],['0','6','33','93','192'],['0','0','0','0','0'],['0','0','0','0'],['0','0','0','0'],['0','0','0','0'],['0','0','0','0'],['0','0','0','0']
OHS_WLDAG_B03_EX1,5,0,['0','0','0','0','0'],['0','6','33','93','192'],['0','0','0','0','0'],['0','0','0','0'],['0','0','0','0'],['0','0','0','0'],['0','0','0','0'],['0','0','0','0']
OHS_WLAXE_A01_EX1,5,0,['0','0','0','0','0'],['0','7','39','109','224'],['0','0','0','0','0'],['0','0','0','0'],['0','0','0','0'],['0','0','0','0'],['0','0','0','0'],['0','0','0','0']
OHS_WLAXE_B01_EX1,5,0,['0','0','0','0','0'],['0','6','36','101','208'],['0','0','0','0','0'],['0','0','0','0'],['0','0','0','0'],['0','0','0','0'],['0','0','0','0'],['0','0','0','0']
OHS_WLAXE_B02_EX1,5,0,['0','0','0','0','0'],['0','6','36','101','208'],['0','0','0','0','0'],['0','0','0','0'],['0','0','0','0'],['0','0','0','0'],['0','0','0','0'],['0','0','0','0']
OHS_WLAXE_B03_EX1,5,0,['0','0','0','0','0'],['0','5','31','85','176'],['0','0','0','0','0'],['0','0','0','0'],['0','0','0','0'],['0','0','0','0'],['0','0','0','0'],['0','0','0','0']
THS_WH000_A01_EX1,5,0,['0','0','0','0','0'],['0','7','39','109','224'],['0','0','0','0','0'],['0','0','0','0'],['0','0','0','0'],['0','0','0','0'],['0','0','0','0'],['0','0','0','0']
THS_WH000_A01_EX2,5,0,['0','0','0','0','0'],['0','7','39','109','224'],['0','0','0','0','0'],['0','0','0','0'],['0','0','0','0'],['0','0','0','0'],['0','0','0','0'],['0','0','0','0']
THS_WH000_A02_EX1,5,0,['0','0','0','0','0'],['0','6','36','101','208'],['0','0','0','0','0'],['0','0','0','0'],['0','0','0','0'],['0','0','0','0'],['0','0','0','0'],['0','0','0','0']
THS_WH000_A04_EX1,5,0,['0','0','0','0','0'],['0','5','31','85','176'],['0','0','0','0','0'],['0','0','0','0'],['0','0','0','0'],['0','0','0','0'],['0','0','0','0'],['0','0','0','0']
THS_WH000_B01_EX1,5,0,['0','0','0','0','0'],['0','4','25','70','144'],['0','0','0','0','0'],['0','0','0','0'],['0','0','0','0'],['0','0','0','0'],['0','0','0','0'],['0','0','0','0']
THS_WHGSW_A01_EX1,5,0,['0','0','0','0','0'],['0','6','36','101','208'],['0','0','0','0','0'],['0','0','0','0'],['0','0','0','0'],['0','0','0','0'],['0','0','0','0'],['0','0','0','0']
THS_WHGSW_B01_EX1,5,0,['0','0','0','0','0'],['0','6','33','93','192'],['0','0','0','0','0'],['0','0','0','0'],['0','0','0','0'],['0','0','0','0'],['0','0','0','0'],['0','0','0','0']
THS_WHGSW_B02_EX1,5,0,['0','0','0','0','0'],['0','6','36','101','208'],['0','0','0','0','0'],['0','0','0','0'],['0','0','0','0'],['0','0','0','0'],['0','0','0','0'],['0','0','0','0']
THS_WHGSW_B03_EX1,5,0,['0','0','0','0','0'],['0','5','31','85','176'],['0','0','0','0','0'],['0','0','0','0'],['0','0','0','0'],['0','0','0','0'],['0','0','0','0'],['0','0','0','0']
THS_WHGSW_B04_EX1,5,0,['0','0','0','0','0'],['0','5','28','77','160'],['0','0','0','0','0'],['0','0','0','0'],['0','0','0','0'],['0','0','0','0'],['0','0','0','0'],['0','0','0','0']
THS_WHSSW_A01_EX1,5,0,['0','0','0','0','0'],['0','7','39','109','224'],['0','0','0','0','0'],['0','0','0','0'],['0','0','0','0'],['0','0','0','0'],['0','0','0','0'],['0','0','0','0']
THS_WHSSW_B01_EX1,5,0,['0','0','0','0','0'],['0','6','36','101','208'],['0','0','0','0','0'],['0','0','0','0'],['0','0','0','0'],['0','0','0','0'],['0','0','0','0'],['0','0','0','0']
THS_WHSSW_B02_EX1,5,0,['0','0','0','0','0'],['0','6','33','93','192'],['0','0','0','0','0'],['0','0','0','0'],['0','0','0','0'],['0','0','0','0'],['0','0','0','0'],['0','0','0','0']
THS_WHSSW_B03_EX1,5,0,['0','0','0','0','0'],['0','6','36','101','208'],['0','0','0','0','0'],['0','0','0','0'],['0','0','0','0'],['0','0','0','0'],['0','0','0','0'],['0','0','0','0']
THS_WHSSW_B04_EX1,5,0,['0','0','0','0','0'],['0','6','36','101','208'],['0','0','0','0','0'],['0','0','0','0'],['0','0','0','0'],['0','0','0','0'],['0','0','0','0'],['0','0','0','0']
THS_WHPSW_A01_EX1,5,0,['0','0','0','0','0'],['0','6','36','101','208'],['0','0','0','0','0'],['0','0','0','0'],['0','0','0','0'],['0','0','0','0'],['0','0','0','0'],['0','0','0','0']
THS_WHPSW_B01_EX1,5,0,['0','0','0','0','0'],['0','6','33','93','192'],['0','0','0','0','0'],['0','0','0','0'],['0','0','0','0'],['0','0','0','0'],['0','0','0','0'],['0','0','0','0']
THS_WHPSW_B02_EX1,5,0,['0','0','0','0','0'],['0','6','36','101','208'],['0','0','0','0','0'],['0','0','0','0'],['0','0','0','0'],['0','0','0','0'],['0','0','0','0'],['0','0','0','0']
THS_WHPSW_B03_EX1,5,0,['0','0','0','0','0'],['0','7','39','109','224'],['0','0','0','0','0'],['0','0','0','0'],['0','0','0','0'],['0','0','0','0'],['0','0','0','0'],['0','0','0','0']
THS_WHPSW_B04_EX1,5,0,['0','0','0','0','0'],['0','6','33','93','192'],['0','0','0','0','0'],['0','0','0','0'],['0','0','0','0'],['0','0','0','0'],['0','0','0','0'],['0','0','0','0']
OHG_GL000_A01_EX1,5,0,['0','0','0','0','0'],['0','7','39','109','224'],['0','0','0','0','0'],['0','0','0','0'],['0','0','0','0'],['0','0','0','0'],['0','0','0','0'],['0','0','0','0']
OHG_GL000_A01_EX2,5,0,['0','0','0','0','0'],['0','7','42','116','240'],['0','0','0','0','0'],['0','0','0','0'],['0','0','0','0'],['0','0','0','0'],['0','0','0','0'],['0','0','0','0']
OHG_GL000_A02_EX1,5,0,['0','0','0','0','0'],['0','7','39','109','224'],['0','0','0','0','0'],['0','0','0','0'],['0','0','0','0'],['0','0','0','0'],['0','0','0','0'],['0','0','0','0']
OHG_GL000_A04_EX1,5,0,['0','0','0','0','0'],['0','7','39','109','224'],['0','0','0','0','0'],['0','0','0','0'],['0','0','0','0'],['0','0','0','0'],['0','0','0','0'],['0','0','0','0']
OHG_GL000_A05_EX1,5,0,['0','0','0','0','0'],['0','6','36','101','208'],['0','0','0','0','0'],['0','0','0','0'],['0','0','0','0'],['0','0','0','0'],['0','0','0','0'],['0','0','0','0']
OHG_GL000_B01_EX1,5,0,['0','0','0','0','0'],['0','6','36','101','208'],['0','0','0','0','0'],['0','0','0','0'],['0','0','0','0'],['0','0','0','0'],['0','0','0','0'],['0','0','0','0']
OHG_GL000_B03_EX1,5,0,['0','0','0','0','0'],['0','6','33','93','192'],['0','0','0','0','0'],['0','0','0','0'],['0','0','0','0'],['0','0','0','0'],['0','0','0','0'],['0','0','0','0']
OHG_GL000_B04_EX1,5,0,['0','0','0','0','0'],['0','6','33','93','192'],['0','0','0','0','0'],['0','0','0','0'],['0','0','0','0'],['0','0','0','0'],['0','0','0','0'],['0','0','0','0']
OHG_GL000_B05_EX1,5,0,['0','0','0','0','0'],['0','5','31','85','176'],['0','0','0','0','0'],['0','0','0','0'],['0','0','0','0'],['0','0','0','0'],['0','0','0','0'],['0','0','0','0']
OHG_GL000_B06_EX1,5,0,['0','0','0','0','0'],['0','6','36','101','208'],['0','0','0','0','0'],['0','0','0','0'],['0','0','0','0'],['0','0','0','0'],['0','0','0','0'],['0','0','0','0']
OHG_GL000_B08_EX1,5,0,['0','0','0','0','0'],['0','5','31','85','176'],['0','0','0','0','0'],['0','0','0','0'],['0','0','0','0'],['0','0','0','0'],['0','0','0','0'],['0','0','0','0']
THG_GH000_A01_EX1,5,0,['0','0','0','0','0'],['0','7','39','109','224'],['0','0','0','0','0'],['0','0','0','0'],['0','0','0','0'],['0','0','0','0'],['0','0','0','0'],['0','0','0','0']
THG_GH000_A01_EX2,5,0,['0','0','0','0','0'],['0','6','36','101','208'],['0','0','0','0','0'],['0','0','0','0'],['0','0','0','0'],['0','0','0','0'],['0','0','0','0'],['0','0','0','0']
THG_GH000_A02_EX1,5,0,['0','0','0','0','0'],['0','6','36','101','208'],['0','0','0','0','0'],['0','0','0','0'],['0','0','0','0'],['0','0','0','0'],['0','0','0','0'],['0','0','0','0']
THG_GH000_A03_EX1,5,0,['0','0','0','0','0'],['0','6','33','93','192'],['0','0','0','0','0'],['0','0','0','0'],['0','0','0','0'],['0','0','0','0'],['0','0','0','0'],['0','0','0','0']
THG_GH000_A04_EX1,5,0,['0','0','0','0','0'],['0','5','28','77','160'],['0','0','0','0','0'],['0','0','0','0'],['0','0','0','0'],['0','0','0','0'],['0','0','0','0'],['0','0','0','0']
THG_GH000_B01_EX1,5,0,['0','0','0','0','0'],['0','6','36','101','208'],['0','0','0','0','0'],['0','0','0','0'],['0','0','0','0'],['0','0','0','0'],['0','0','0','0'],['0','0','0','0']
THG_GH000_B02_EX1,5,0,['0','0','0','0','0'],['0','6','33','93','192'],['0','0','0','0','0'],['0','0','0','0'],['0','0','0','0'],['0','0','0','0'],['0','0','0','0'],['0','0','0','0']
THG_GHMAC_A01_EX1,5,0,['0','0','0','0','0'],['0','7','39','109','224'],['0','0','0','0','0'],['0','0','0','0'],['0','0','0','0'],['0','0','0','0'],['0','0','0','0'],['0','0','0','0']
THG_GHMAC_B01_EX1,5,0,['0','0','0','0','0'],['0','6','33','93','192'],['0','0','0','0','0'],['0','0','0','0'],['0','0','0','0'],['0','0','0','0'],['0','0','0','0'],['0','0','0','0']
THG_GHMAC_B02_EX1,5,0,['0','0','0','0','0'],['0','6','33','93','192'],['0','0','0','0','0'],['0','0','0','0'],['0','0','0','0'],['0','0','0','0'],['0','0','0','0'],['0','0','0','0']
THG_GHFLA_A01_EX1,5,0,['0','0','0','0','0'],['0','6','33','93','192'],['0','0','0','0','0'],['0','0','0','0'],['0','0','0','0'],['0','0','0','0'],['0','0','0','0'],['0','0','0','0']
THG_GHFLA_B01_EX1,5,0,['0','0','0','0','0'],['0','6','33','93','192'],['0','0','0','0','0'],['0','0','0','0'],['0','0','0','0'],['0','0','0','0'],['0','0','0','0'],['0','0','0','0']
THG_GHFLA_B02_EX1,5,0,['0','0','0','0','0'],['0','6','36','101','208'],['0','0','0','0','0'],['0','0','0','0'],['0','0','0','0'],['0','0','0','0'],['0','0','0','0'],['0','0','0','0']
THG_GHELE_A01_EX1,5,0,['0','0','0','0','0'],['0','6','36','101','208'],['0','0','0','0','0'],['0','0','0','0'],['0','0','0','0'],['0','0','0','0'],['0','0','0','0'],['0','0','0','0']
THG_GHELE_A02_EX1,5,0,['0','0','0','0','0'],['0','6','33','93','192'],['0','0','0','0','0'],['0','0','0','0'],['0','0','0','0'],['0','0','0','0'],['0','0','0','0'],['0','0','0','0']
THG_GHELE_B01_EX1,5,0,['0','0','0','0','0'],['0','5','31','85','176'],['0','0','0','0','0'],['0','0','0','0'],['0','0','0','0'],['0','0','0','0'],['0','0','0','0'],['0','0','0','0']
THG_GHBOM_A01_EX1,5,0,['0','0','0','0','0'],['0','6','33','93','192'],['0','0','0','0','0'],['0','0','0','0'],['0','0','0','0'],['0','0','0','0'],['0','0','0','0'],['0','0','0','0']
THG_GHBOM_B01_EX1,5,0,['0','0','0','0','0'],['0','6','36','101','208'],['0','0','0','0','0'],['0','0','0','0'],['0','0','0','0'],['0','0','0','0'],['0','0','0','0'],['0','0','0','0']
THG_GHBOM_B02_EX1,5,0,['0','0','0','0','0'],['0','5','31','85','176'],['0','0','0','0','0'],['0','0','0','0'],['0','0','0','0'],['0','0','0','0'],['0','0','0','0'],['0','0','0','0']
THG_GHCHE_A01_EX1,5,0,['0','0','0','0','0'],['0','6','33','93','192'],['0','0','0','0','0'],['0','0','0','0'],['0','0','0','0'],['0','0','0','0'],['0','0','0','0'],['0','0','0','0']
THG_GHCHE_B01_EX1,5,0,['0','0','0','0','0'],['0','6','36','101','208'],['0','0','0','0','0'],['0','0','0','0'],['0','0','0','0'],['0','0','0','0'],['0','0','0','0'],['0','0','0','0']
THG_GHCHE_B02_EX1,5,0,['0','0','0','0','0'],['0','5','31','85','176'],['0','0','0','0','0'],['0','0','0','0'],['0','0','0','0'],['0','0','0','0'],['0','0','0','0'],['0','0','0','0']
MAR_MA000_A01_EX1,5,0,['0','0','0','0','0'],['0','7','42','116','240'],['0','0','0','0','0'],['0','0','0','0'],['0','0','0','0'],['0','0','0','0'],['0','0','0','0'],['0','0','0','0']
MAR_MA000_A07_EX1,5,0,['0','0','0','0','0'],['0','7','39','109','224'],['0','0','0','0','0'],['0','0','0','0'],['0','0','0','0'],['0','0','0','0'],['0','0','0','0'],['0','0','0','0']
MAR_MA000_B03_EX1,5,0,['0','0','0','0','0'],['0','6','36','101','208'],['0','0','0','0','0'],['0','0','0','0'],['0','0','0','0'],['0','0','0','0'],['0','0','0','0'],['0','0','0','0']
MAR_MA000_B06_EX1,5,0,['0','0','0','0','0'],['0','6','36','101','208'],['0','0','0','0','0'],['0','0','0','0'],['0','0','0','0'],['0','0','0','0'],['0','0','0','0'],['0','0','0','0']
MAR_MA000_B08_EX1,5,0,['0','0','0','0','0'],['0','5','31','85','176'],['0','0','0','0','0'],['0','0','0','0'],['0','0','0','0'],['0','0','0','0'],['0','0','0','0'],['0','0','0','0']
MAR_MA000_A02_EX1,5,0,['0','0','0','0','0'],['0','7','42','116','240'],['0','0','0','0','0'],['0','0','0','0'],['0','0','0','0'],['0','0','0','0'],['0','0','0','0'],['0','0','0','0']
MAR_MA000_A08_EX1,5,0,['0','0','0','0','0'],['0','7','39','109','224'],['0','0','0','0','0'],['0','0','0','0'],['0','0','0','0'],['0','0','0','0'],['0','0','0','0'],['0','0','0','0']
MAR_MA000_B01_EX1,5,0,['0','0','0','0','0'],['0','7','39','109','224'],['0','0','0','0','0'],['0','0','0','0'],['0','0','0','0'],['0','0','0','0'],['0','0','0','0'],['0','0','0','0']
MAR_MA000_B04_EX1,5,0,['0','0','0','0','0'],['0','5','31','85','176'],['0','0','0','0','0'],['0','0','0','0'],['0','0','0','0'],['0','0','0','0'],['0','0','0','0'],['0','0','0','0']
MAR_MA000_B07_EX1,5,0,['0','0','0','0','0'],['0','5','28','77','160'],['0','0','0','0','0'],['0','0','0','0'],['0','0','0','0'],['0','0','0','0'],['0','0','0','0'],['0','0','0','0']
MAR_MA000_A04_EX1,5,0,['0','0','0','0','0'],['0','7','39','109','224'],['0','0','0','0','0'],['0','0','0','0'],['0','0','0','0'],['0','0','0','0'],['0','0','0','0'],['0','0','0','0']
MAR_MA000_A06_EX1,5,0,['0','0','0','0','0'],['0','7','39','109','224'],['0','0','0','0','0'],['0','0','0','0'],['0','0','0','0'],['0','0','0','0'],['0','0','0','0'],['0','0','0','0']
MAR_MA000_A09_EX1,5,0,['0','0','0','0','0'],['0','6','36','101','208'],['0','0','0','0','0'],['0','0','0','0'],['0','0','0','0'],['0','0','0','0'],['0','0','0','0'],['0','0','0','0']
MAR_MA000_B02_EX1,5,0,['0','0','0','0','0'],['0','6','33','93','192'],['0','0','0','0','0'],['0','0','0','0'],['0','0','0','0'],['0','0','0','0'],['0','0','0','0'],['0','0','0','0']
MAR_MA000_B09_EX1,5,0,['0','0','0','0','0'],['0','6','36','101','208'],['0','0','0','0','0'],['0','0','0','0'],['0','0','0','0'],['0','0','0','0'],['0','0','0','0'],['0','0','0','0']
OHS_WL000_A04_BLD01,5,0,['0','0','0','0','0'],['0','7','42','116','240'],['0','0','0','0','0'],['0','0','0','0'],['0','0','0','0'],['0','0','0','0'],['0','0','0','0'],['0','0','0','0']
OHS_WL000_A04_BLD02,5,0,['0','0','0','0','0'],['0','7','39','109','224'],['0','0','0','0','0'],['0','0','0','0'],['0','0','0','0'],['0','0','0','0'],['0','0','0','0'],['0','0','0','0']
OHS_WL000_A04_BLD03,5,0,['0','0','0','0','0'],['0','6','36','101','208'],['0','0','0','0','0'],['0','0','0','0'],['0','0','0','0'],['0','0','0','0'],['0','0','0','0'],['0','0','0','0']
OHS_WL000_B01_BLD01,5,0,['0','0','0','0','0'],['0','6','33','93','192'],['0','0','0','0','0'],['0','0','0','0'],['0','0','0','0'],['0','0','0','0'],['0','0','0','0'],['0','0','0','0']
OHS_WL000_B01_BLD02,5,0,['0','0','0','0','0'],['0','5','31','85','176'],['0','0','0','0','0'],['0','0','0','0'],['0','0','0','0'],['0','0','0','0'],['0','0','0','0'],['0','0','0','0']
THS_WH000_A02_BLD03,5,0,['0','0','0','0','0'],['0','6','36','101','208'],['0','0','0','0','0'],['0','0','0','0'],['0','0','0','0'],['0','0','0','0'],['0','0','0','0'],['0','0','0','0']
THS_WH000_A04_BLD01,5,0,['0','0','0','0','0'],['0','7','39','109','224'],['0','0','0','0','0'],['0','0','0','0'],['0','0','0','0'],['0','0','0','0'],['0','0','0','0'],['0','0','0','0']
THS_WH000_A04_BLD02,5,0,['0','0','0','0','0'],['0','5','31','85','176'],['0','0','0','0','0'],['0','0','0','0'],['0','0','0','0'],['0','0','0','0'],['0','0','0','0'],['0','0','0','0']
THS_WH000_B01_BLD01,5,0,['0','0','0','0','0'],['0','6','36','101','208'],['0','0','0','0','0'],['0','0','0','0'],['0','0','0','0'],['0','0','0','0'],['0','0','0','0'],['0','0','0','0']
THS_WH000_B01_BLD02,5,0,['0','0','0','0','0'],['0','6','33','93','192'],['0','0','0','0','0'],['0','0','0','0'],['0','0','0','0'],['0','0','0','0'],['0','0','0','0'],['0','0','0','0']
OHG_GL000_B03_BLD01,5,0,['0','0','0','0','0'],['0','6','36','101','208'],['0','0','0','0','0'],['0','0','0','0'],['0','0','0','0'],['0','0','0','0'],['0','0','0','0'],['0','0','0','0']
OHG_GL000_B03_BLD02,5,0,['0','0','0','0','0'],['0','6','33','93','192'],['0','0','0','0','0'],['0','0','0','0'],['0','0','0','0'],['0','0','0','0'],['0','0','0','0'],['0','0','0','0']
OHG_GL000_B04_BLD01,5,0,['0','0','0','0','0'],['0','7','42','116','240'],['0','0','0','0','0'],['0','0','0','0'],['0','0','0','0'],['0','0','0','0'],['0','0','0','0'],['0','0','0','0']
OHG_GL000_B04_BLD02,5,0,['0','0','0','0','0'],['0','6','33','93','192'],['0','0','0','0','0'],['0','0','0','0'],['0','0','0','0'],['0','0','0','0'],['0','0','0','0'],['0','0','0','0']
OHG_GL000_B05_BLD01,5,0,['0','0','0','0','0'],['0','7','39','109','224'],['0','0','0','0','0'],['0','0','0','0'],['0','0','0','0'],['0','0','0','0'],['0','0','0','0'],['0','0','0','0']
THG_GH000_A02_BLD01,5,0,['0','0','0','0','0'],['0','7','42','116','240'],['0','0','0','0','0'],['0','0','0','0'],['0','0','0','0'],['0','0','0','0'],['0','0','0','0'],['0','0','0','0']
THG_GH000_A02_BLD02,5,0,['0','0','0','0','0'],['0','6','36','101','208'],['0','0','0','0','0'],['0','0','0','0'],['0','0','0','0'],['0','0','0','0'],['0','0','0','0'],['0','0','0','0']
THG_GH000_A03_BLD01,5,0,['0','0','0','0','0'],['0','6','33','93','192'],['0','0','0','0','0'],['0','0','0','0'],['0','0','0','0'],['0','0','0','0'],['0','0','0','0'],['0','0','0','0']
THG_GH000_B01_BLD01,5,0,['0','0','0','0','0'],['0','7','39','109','224'],['0','0','0','0','0'],['0','0','0','0'],['0','0','0','0'],['0','0','0','0'],['0','0','0','0'],['0','0','0','0']
THG_GH000_B02_BLD01,5,0,['0','0','0','0','0'],['0','6','33','93','192'],['0','0','0','0','0'],['0','0','0','0'],['0','0','0','0'],['0','0','0','0'],['0','0','0','0'],['0','0','0','0']
THG_GH000_B02_BLD02,5,0,['0','0','0','0','0'],['0','5','31','85','176'],['0','0','0','0','0'],['0','0','0','0'],['0','0','0','0'],['0','0','0','0'],['0','0','0','0'],['0','0','0','0']
MAR_MA000_B06_BLD01,5,0,['0','0','0','0','0'],['0','7','39','109','224'],['0','0','0','0','0'],['0','0','0','0'],['0','0','0','0'],['0','0','0','0'],['0','0','0','0'],['0','0','0','0']
MAR_MA000_B06_BLD02,5,0,['0','0','0','0','0'],['0','6','36','101','208'],['0','0','0','0','0'],['0','0','0','0'],['0','0','0','0'],['0','0','0','0'],['0','0','0','0'],['0','0','0','0']
MAR_MA000_B01_BLD01,5,0,['0','0','0','0','0'],['0','7','42','116','240'],['0','0','0','0','0'],['0','0','0','0'],['0','0','0','0'],['0','0','0','0'],['0','0','0','0'],['0','0','0','0']
MAR_MA000_B01_BLD02,5,0,['0','0','0','0','0'],['0','6','33','93','192'],['0','0','0','0','0'],['0','0','0','0'],['0','0','0','0'],['0','0','0','0'],['0','0','0','0'],['0','0','0','0']
MAR_MA000_B09_BLD01,5,0,['0','0','0','0','0'],['0','6','36','101','208'],['0','0','0','0','0'],['0','0','0','0'],['0','0','0','0'],['0','0','0','0'],['0','0','0','0'],['0','0','0','0']
OHS_WL000_A01_UN1,5,0,['0','0','0','0','0'],['0','7','39','109','224'],['0','0','0','0','0'],['0','0','0','0'],['0','0','0','0'],['0','0','0','0'],['0','0','0','0'],['0','0','0','0']
OHS_WL000_A01_UN2,5,0,['0','0','0','0','0'],['0','7','39','109','224'],['0','0','0','0','0'],['0','0','0','0'],['0','0','0','0'],['0','0','0','0'],['0','0','0','0'],['0','0','0','0']
OHS_WL000_A04_UN1,5,0,['0','0','0','0','0'],['0','7','39','109','224'],['0','0','0','0','0'],['0','0','0','0'],['0','0','0','0'],['0','0','0','0'],['0','0','0','0'],['0','0','0','0']
OHS_WLAXE_A01_UN1,5,0,['0','0','0','0','0'],['0','7','39','109','224'],['0','0','0','0','0'],['0','0','0','0'],['0','0','0','0'],['0','0','0','0'],['0','0','0','0'],['0','0','0','0']
THS_WH000_A01_UN1,5,0,['0','0','0','0','0'],['0','7','39','109','224'],['0','0','0','0','0'],['0','0','0','0'],['0','0','0','0'],['0','0','0','0'],['0','0','0','0'],['0','0','0','0']
THS_WH000_A02_UN1,5,0,['0','0','0','0','0'],['0','7','42','116','240'],['0','0','0','0','0'],['0','0','0','0'],['0','0','0','0'],['0','0','0','0'],['0','0','0','0'],['0','0','0','0']
THS_WHPSW_B01_UN1,5,0,['0','0','0','0','0'],['0','6','36','101','208'],['0','0','0','0','0'],['0','0','0','0'],['0','0','0','0'],['0','0','0','0'],['0','0','0','0'],['0','0','0','0']
OHG_GL000_B06_UN1,5,0,['0','0','0','0','0'],['0','7','39','109','224'],['0','0','0','0','0'],['0','0','0','0'],['0','0','0','0'],['0','0','0','0'],['0','0','0','0'],['0','0','0','0']
THG_GH000_A01_UN1,5,0,['0','0','0','0','0'],['0','7','42','116','240'],['0','0','0','0','0'],['0','0','0','0'],['0','0','0','0'],['0','0','0','0'],['0','0','0','0'],['0','0','0','0']
ARTS_001_UN,5,0,['0','0','0','0','0'],['0','7','39','109','224'],['0','0','0','0','0'],['0','0','0','0'],['0','0','0','0'],['0','0','0','0'],['0','0','0','0'],['0','0','0','0']
ARTS_002_UN,5,0,['0','0','0','0','0'],['0','7','42','116','240'],['0','0','0','0','0'],['0','0','0','0'],['0','0','0','0'],['0','0','0','0'],['0','0','0','0'],['0','0','0','0']
ARTS_003_UN,5,0,['0','0','0','0','0'],['0','7','42','116','240'],['0','0','0','0','0'],['0','0','0','0'],['0','0','0','0'],['0','0','0','0'],['0','0','0','0'],['0','0','0','0']
ARTS_004_UN,5,0,['0','0','0','0','0'],['0','7','42','116','240'],['0','0','0','0','0'],['0','0','0','0'],['0','0','0','0'],['0','0','0','0'],['0','0','0','0'],['0','0','0','0']
ARTS_005_UN,5,0,['0','0','0','0','0'],['0','7','42','116','240'],['0','0','0','0','0'],['0','0','0','0'],['0','0','0','0'],['0','0','0','0'],['0','0','0','0'],['0','0','0','0']
ARTS_006_UN,5,0,['0','0','0','0','0'],['0','7','42','116','240'],['0','0','0','0','0'],['0','0','0','0'],['0','0','0','0'],['0','0','0','0'],['0','0','0','0'],['0','0','0','0']
ARTS_007_UN,5,0,['0','0','0','0','0'],['0','7','42','116','240'],['0','0','0','0','0'],['0','0','0','0'],['0','0','0','0'],['0','0','0','0'],['0','0','0','0'],['0','0','0','0']
ARTS_008_UN,5,0,['0','0','0','0','0'],['0','7','42','116','240'],['0','0','0','0','0'],['0','0','0','0'],['0','0','0','0'],['0','0','0','0'],['0','0','0','0'],['0','0','0','0']
ARTS_009_UN,5,0,['0','0','0','0','0'],['0','7','42','116','240'],['0','0','0','0','0'],['0','0','0','0'],['0','0','0','0'],['0','0','0','0'],['0','0','0','0'],['0','0','0','0']
ARTS_010_UN,5,0,['0','0','0','0','0'],['0','7','42','116','240'],['0','0','0','0','0'],['0','0','0','0'],['0','0','0','0'],['0','0','0','0'],['0','0','0','0'],['0','0','0','0']
ARTS_011_UN,5,0,['0','0','0','0','0'],['0','7','42','116','240'],['0','0','0','0','0'],['0','0','0','0'],['0','0','0','0'],['0','0','0','0'],['0','0','0','0'],['0','0','0','0']
ARTS_012_UN,5,0,['0','0','0','0','0'],['0','7','42','116','240'],['0','0','0','0','0'],['0','0','0','0'],['0','0','0','0'],['0','0','0','0'],['0','0','0','0'],['0','0','0','0']
ARTS_013_UN,5,0,['0','0','0','0','0'],['0','7','42','116','240'],['0','0','0','0','0'],['0','0','0','0'],['0','0','0','0'],['0','0','0','0'],['0','0','0','0'],['0','0','0','0']
ARTS_014_UN,5,0,['0','0','0','0','0'],['0','7','42','116','240'],['0','0','0','0','0'],['0','0','0','0'],['0','0','0','0'],['0','0','0','0'],['0','0','0','0'],['0','0','0','0']
ARTS_015_UN,5,0,['0','0','0','0','0'],['0','7','42','116','240'],['0','0','0','0','0'],['0','0','0','0'],['0','0','0','0'],['0','0','0','0'],['0','0','0','0'],['0','0','0','0']
ARTS_016_UN,5,0,['0','0','0','0','0'],['0','7','42','116','240'],['0','0','0','0','0'],['0','0','0','0'],['0','0','0','0'],['0','0','0','0'],['0','0','0','0'],['0','0','0','0']
ARTS_017_UN,5,0,['0','0','0','0','0'],['0','7','42','116','240'],['0','0','0','0','0'],['0','0','0','0'],['0','0','0','0'],['0','0','0','0'],['0','0','0','0'],['0','0','0','0']
ARTS_018_UN,5,0,['0','0','0','0','0'],['0','7','42','116','240'],['0','0','0','0','0'],['0','0','0','0'],['0','0','0','0'],['0','0','0','0'],['0','0','0','0'],['0','0','0','0']
ARTS_019_UN,5,0,['0','0','0','0','0'],['0','7','42','116','240'],['0','0','0','0','0'],['0','0','0','0'],['0','0','0','0'],['0','0','0','0'],['0','0','0','0'],['0','0','0','0']
ARTS_020_UN,5,0,['0','0','0','0','0'],['0','7','42','116','240'],['0','0','0','0','0'],['0','0','0','0'],['0','0','0','0'],['0','0','0','0'],['0','0','0','0'],['0','0','0','0']
SOUL_E_M0700_A,5,0,['0','0','0','0','0'],['0','7','39','109','224'],['0','0','0','0','0'],['0','0','0','0'],['0','0','0','0'],['0','0','0','0'],['0','0','0','0'],['0','0','0','0']
SOUL_E_M0000_A,5,0,['0','0','0','0','0'],['0','7','39','109','224'],['0','0','0','0','0'],['0','0','0','0'],['0','0','0','0'],['0','0','0','0'],['0','0','0','0'],['0','0','0','0']
SOUL_E_M0310_A,3,0,['0','1','1','0','0'],['0','3','36','999','999'],['0','0','0','0','0'],['0','0','0','0'],['0','0','0','0'],['0','0','0','0'],['0','0','0','0'],['0','0','0','0']
SOUL_E_M0720_A,5,0,['0','0','0','0','0'],['0','6','36','101','208'],['0','0','0','0','0'],['0','0','0','0'],['0','0','0','0'],['0','0','0','0'],['0','0','0','0'],['0','0','0','0']
SOUL_E_M1000_A,5,0,['0','0','0','0','0'],['0','6','36','101','208'],['0','0','0','0','0'],['0','0','0','0'],['0','0','0','0'],['0','0','0','0'],['0','0','0','0'],['0','0','0','0']
SOUL_E_M0520_A,5,0,['0','0','0','0','0'],['0','5','28','77','160'],['0','0','0','0','0'],['0','0','0','0'],['0','0','0','0'],['0','0','0','0'],['0','0','0','0'],['0','0','0','0']
SOUL_E_M1020_A,5,0,['0','0','0','0','0'],['0','6','36','101','208'],['0','0','0','0','0'],['0','0','0','0'],['0','0','0','0'],['0','0','0','0'],['0','0','0','0'],['0','0','0','0']
SOUL_E_M0100_A,5,0,['0','0','0','0','0'],['0','6','36','101','208'],['0','0','0','0','0'],['0','0','0','0'],['0','0','0','0'],['0','0','0','0'],['0','0','0','0'],['0','0','0','0']
SOUL_E_M0010_A,3,0,['0','1','1','0','0'],['0','3','33','999','999'],['0','0','0','0','0'],['0','0','0','0'],['0','0','0','0'],['0','0','0','0'],['0','0','0','0'],['0','0','0','0']
SOUL_E_M0210_A,5,0,['0','0','0','0','0'],['0','5','31','85','176'],['0','0','0','0','0'],['0','0','0','0'],['0','0','0','0'],['0','0','0','0'],['0','0','0','0'],['0','0','0','0']
SOUL_E_M0410_A,5,0,['0','0','0','0','0'],['0','6','36','101','208'],['0','0','0','0','0'],['0','0','0','0'],['0','0','0','0'],['0','0','0','0'],['0','0','0','0'],['0','0','0','0']
SOUL_E_M2200_A,5,0,['0','0','0','0','0'],['0','7','39','109','224'],['0','0','0','0','0'],['0','0','0','0'],['0','0','0','0'],['0','0','0','0'],['0','0','0','0'],['0','0','0','0']
SOUL_E_M0800_A,5,0,['0','0','0','0','0'],['0','7','39','109','224'],['0','0','0','0','0'],['0','0','0','0'],['0','0','0','0'],['0','0','0','0'],['0','0','0','0'],['0','0','0','0']
SOUL_E_M0120_A,5,0,['0','0','0','0','0'],['0','6','36','101','208'],['0','0','0','0','0'],['0','0','0','0'],['0','0','0','0'],['0','0','0','0'],['0','0','0','0'],['0','0','0','0']
SOUL_E_M0300_A,5,0,['0','0','0','0','0'],['0','6','36','101','208'],['0','0','0','0','0'],['0','0','0','0'],['0','0','0','0'],['0','0','0','0'],['0','0','0','0'],['0','0','0','0']
SOUL_E_M0510_A,5,0,['0','0','0','0','0'],['0','7','39','109','224'],['0','0','0','0','0'],['0','0','0','0'],['0','0','0','0'],['0','0','0','0'],['0','0','0','0'],['0','0','0','0']
SOUL_E_M0820_A,5,0,['0','0','0','0','0'],['0','7','39','109','224'],['0','0','0','0','0'],['0','0','0','0'],['0','0','0','0'],['0','0','0','0'],['0','0','0','0'],['0','0','0','0']
SOUL_E_M2100_A,5,0,['0','0','0','0','0'],['0','6','33','93','192'],['0','0','0','0','0'],['0','0','0','0'],['0','0','0','0'],['0','0','0','0'],['0','0','0','0'],['0','0','0','0']
SOUL_E_M0230_A,5,0,['0','0','0','0','0'],['0','7','42','116','240'],['0','0','0','0','0'],['0','0','0','0'],['0','0','0','0'],['0','0','0','0'],['0','0','0','0'],['0','0','0','0']
SOUL_E_M0320_A,5,0,['0','0','0','0','0'],['0','6','36','101','208'],['0','0','0','0','0'],['0','0','0','0'],['0','0','0','0'],['0','0','0','0'],['0','0','0','0'],['0','0','0','0']
SOUL_E_M0220_A,5,0,['0','0','0','0','0'],['0','7','39','109','224'],['0','0','0','0','0'],['0','0','0','0'],['0','0','0','0'],['0','0','0','0'],['0','0','0','0'],['0','0','0','0']
SOUL_E_M0710_A,5,0,['0','0','0','0','0'],['0','6','33','93','192'],['0','0','0','0','0'],['0','0','0','0'],['0','0','0','0'],['0','0','0','0'],['0','0','0','0'],['0','0','0','0']
SOUL_E_M1010_A,5,0,['0','0','0','0','0'],['0','5','31','85','176'],['0','0','0','0','0'],['0','0','0','0'],['0','0','0','0'],['0','0','0','0'],['0','0','0','0'],['0','0','0','0']
SOUL_E_M0900_A,5,0,['0','0','0','0','0'],['0','6','33','93','192'],['0','0','0','0','0'],['0','0','0','0'],['0','0','0','0'],['0','0','0','0'],['0','0','0','0'],['0','0','0','0']
SOUL_E_M0400_A,5,0,['0','0','0','0','0'],['0','7','39','109','224'],['0','0','0','0','0'],['0','0','0','0'],['0','0','0','0'],['0','0','0','0'],['0','0','0','0'],['0','0','0','0']
SOUL_E_M2000_A,5,0,['0','0','0','0','0'],['0','6','36','101','208'],['0','0','0','0','0'],['0','0','0','0'],['0','0','0','0'],['0','0','0','0'],['0','0','0','0'],['0','0','0','0']
SOUL_E_M0500_A,5,0,['0','0','0','0','0'],['0','6','33','93','192'],['0','0','0','0','0'],['0','0','0','0'],['0','0','0','0'],['0','0','0','0'],['0','0','0','0'],['0','0','0','0']
SOUL_E_M0420_A,5,0,['0','0','0','0','0'],['0','6','33','93','192'],['0','0','0','0','0'],['0','0','0','0'],['0','0','0','0'],['0','0','0','0'],['0','0','0','0'],['0','0','0','0']
SOUL_E_M0110_A,5,0,['0','0','0','0','0'],['0','5','31','85','176'],['0','0','0','0','0'],['0','0','0','0'],['0','0','0','0'],['0','0','0','0'],['0','0','0','0'],['0','0','0','0']
SOUL_E_M0020_A,5,0,['0','0','0','0','0'],['0','6','36','101','208'],['0','0','0','0','0'],['0','0','0','0'],['0','0','0','0'],['0','0','0','0'],['0','0','0','0'],['0','0','0','0']
SOUL_E_M0810_A,5,0,['0','0','0','0','0'],['0','6','36','101','208'],['0','0','0','0','0'],['0','0','0','0'],['0','0','0','0'],['0','0','0','0'],['0','0','0','0'],['0','0','0','0']
SL_RB_A_01_IHA01,1,0,['0','1','1','0','0'],['0','3','19','999','999'],['0','0','0','0','0'],['0','0','0','0'],['0','0','0','0'],['0','0','0','0'],['0','0','0','0'],['0','0','0','0']
SL_RB_A_02_IHA02,1,0,['0','1','1','0','0'],['0','3','19','999','999'],['0','0','0','0','0'],['0','0','0','0'],['0','0','0','0'],['0','0','0','0'],['0','0','0','0'],['0','0','0','0']
SL_RB_A_03_IHA03,1,0,['0','1','1','0','0'],['0','3','18','999','999'],['0','0','0','0','0'],['0','0','0','0'],['0','0','0','0'],['0','0','0','0'],['0','0','0','0'],['0','0','0','0']
SL_RB_A_04_IHA04,1,0,['0','1','1','0','0'],['0','3','19','999','999'],['0','0','0','0','0'],['0','0','0','0'],['0','0','0','0'],['0','0','0','0'],['0','0','0','0'],['0','0','0','0']
SL_RB_B_01_IHA05,1,0,['0','1','1','0','0'],['0','3','18','999','999'],['0','0','0','0','0'],['0','0','0','0'],['0','0','0','0'],['0','0','0','0'],['0','0','0','0'],['0','0','0','0']
SL_RB_B_02_IHA06,1,0,['0','1','1','0','0'],['0','3','18','999','999'],['0','0','0','0','0'],['0','0','0','0'],['0','0','0','0'],['0','0','0','0'],['0','0','0','0'],['0','0','0','0']
SL_RB_B_03_IHA07,1,0,['0','1','1','0','0'],['0','3','18','999','999'],['0','0','0','0','0'],['0','0','0','0'],['0','0','0','0'],['0','0','0','0'],['0','0','0','0'],['0','0','0','0']
SL_RB_B_04_IHA08,1,0,['0','1','1','0','0'],['0','3','18','999','999'],['0','0','0','0','0'],['0','0','0','0'],['0','0','0','0'],['0','0','0','0'],['0','0','0','0'],['0','0','0','0']
SL_RB_B_05_IHA09,1,0,['0','1','1','0','0'],['0','3','19','999','999'],['0','0','0','0','0'],['0','0','0','0'],['0','0','0','0'],['0','0','0','0'],['0','0','0','0'],['0','0','0','0']
SL_RB_C_01_IHA10,5,0,['0','0','0','0','0'],['0','7','39','109','224'],['0','0','0','0','0'],['0','0','0','0'],['0','0','0','0'],['0','0','0','0'],['0','0','0','0'],['0','0','0','0']
SL_RB_C_02_IHA11,5,0,['0','0','0','0','0'],['0','7','39','109','224'],['0','0','0','0','0'],['0','0','0','0'],['0','0','0','0'],['0','0','0','0'],['0','0','0','0'],['0','0','0','0']
SL_RB_C_03_IHA12,5,0,['0','0','0','0','0'],['0','7','39','109','224'],['0','0','0','0','0'],['0','0','0','0'],['0','0','0','0'],['0','0','0','0'],['0','0','0','0'],['0','0','0','0']
SL_RB_C_04_IHA13,5,0,['0','0','0','0','0'],['0','7','39','109','224'],['0','0','0','0','0'],['0','0','0','0'],['0','0','0','0'],['0','0','0','0'],['0','0','0','0'],['0','0','0','0']
SL_RB_C_05_IHA14,5,0,['0','0','0','0','0'],['0','7','39','109','224'],['0','0','0','0','0'],['0','0','0','0'],['0','0','0','0'],['0','0','0','0'],['0','0','0','0'],['0','0','0','0']
SL_RB_C_06_IHA15,5,0,['0','0','0','0','0'],['0','7','39','109','224'],['0','0','0','0','0'],['0','0','0','0'],['0','0','0','0'],['0','0','0','0'],['0','0','0','0'],['0','0','0','0[']
